trust_code,trust_name,available_beds,occupied_beds,ae_attendances,ae_within_4h,emergency_admissions,rtt_total_waiting,rtt_over_18_weeks,provider_type_source,backlog_maintenance_cost,floor_area_m2,provider_group,provider_type_inference_source,is_acute_general,flag_specialist,flag_mental_health,flag_community,flag_ambulance,flag_non_acute,bed_occupancy_pressure,ae_delay_burden,emergency_admissions_intensity,waiting_list_burden,estates_burden,resource_capacity_strain,raw_components_available,primary_acute_eligible,rvpi_standardisation_sample,bed_occupancy_pressure_z,bed_occupancy_pressure_pct,ae_delay_burden_z,ae_delay_burden_pct,emergency_admissions_intensity_z,emergency_admissions_intensity_pct,waiting_list_burden_z,waiting_list_burden_pct,estates_burden_z,estates_burden_pct,resource_capacity_strain_z,resource_capacity_strain_pct,components_available,rvpi_z,rvpi_percentile,rvpi_rank,cluster
G6V2S,NORTH LONDON NHS FOUNDATION TRUST,0.0,0.0,,,,,,MENTAL HEALTH AND LEARNING DISABILITY,24368295.0,76854.0,mental_health,eric_trust_type,False,False,True,False,False,True,,,,,317.07256616441566,,1,False,full_provider_sensitivity,,,,,,,,,-0.4730003745402552,36.58536585365854,,,1,,,,
R0A,MANCHESTER UNIVERSITY NHS FOUNDATION TRUST,2067.0666666666666,1865.0,46865.0,36160.0,6836.0,332660.0,123100.0,ACUTE - TEACHING,277768334.0,537714.0,acute_general,eric_trust_type,True,False,False,False,False,False,0.9022447268270658,0.22842206337351967,3.307101851254596,0.3700474959418024,516.5726278281763,22.672224730697284,6,True,full_provider_sensitivity,0.04418599929412983,34.22818791946309,0.05550937584426745,49.645390070921984,-0.7366424729477613,16.923076923076923,0.5002970241729043,68.0,-0.12395208382607735,60.48780487804878,-0.08205143571414154,56.92307692307692,6,-0.057108932196113106,23.846153846153847,100,1
R0B,SOUTH TYNESIDE AND SUNDERLAND NHS FOUNDATION TRUST,1121.3777777777775,986.1222222222224,21385.0,16768.0,6222.0,115798.0,27118.0,ACUTE - LARGE,95596323.0,195825.0,acute_general,eric_trust_type,True,False,False,False,False,False,0.8793844873370064,0.21589899462239892,5.548531568308828,0.2341836646574207,488.17220988127156,19.07029051563553,6,True,full_provider_sensitivity,-0.14602160704320094,21.476510067114095,-0.06103799732301302,42.5531914893617,0.01102488198177783,55.38461538461539,-0.730221490277768,15.333333333333332,-0.17364187969512845,57.073170731707314,-0.14790729284563628,36.15384615384615,6,-0.20796756420049478,15.384615384615385,111,1
R0D,UNIVERSITY HOSPITALS DORSET NHS FOUNDATION TRUST,1062.977777777778,1000.7111111111112,19798.0,13401.0,6766.0,133032.0,43210.0,ACUTE - TEACHING,65738637.0,165981.0,acute_general,eric_trust_type,True,False,False,False,False,False,0.9414224191997322,0.32311344580260637,6.365137768114728,0.32480906849479824,396.0612178502359,18.625036584855955,6,True,full_provider_sensitivity,0.3701622468861802,65.77181208053692,0.9367655681574149,83.68794326241135,0.2834178964860856,73.84615384615385,0.0905726552078192,38.0,-0.3348006485510909,45.36585365853659,-0.1560480798511406,32.30769230769231,6,0.19834493972254474,63.84615384615384,48,1
R1A,HEREFORDSHIRE AND WORCESTERSHIRE HEALTH AND CARE NHS TRUST,39.0,35.82222222222222,,,,80.0,8.0,COMMUNITY,34950045.0,77804.0,community,eric_trust_type,False,False,False,True,False,True,0.9185185185185185,,,0.1,449.20627474165855,,3,False,full_provider_sensitivity,0.17959135954897607,43.624161073825505,,,,,-1.9455227381292803,9.333333333333334,-0.24181726241498286,52.19512195121951,,,3,,,,
R1D,SHROPSHIRE COMMUNITY HEALTH NHS TRUST,,,3203.0,3191.0,0.0,16206.0,3058.0,COMMUNITY,5884406.0,29405.0,community,eric_trust_type,False,False,False,True,False,True,,0.0037464876678113823,,0.18869554485992843,200.11583064104744,,3,False,full_provider_sensitivity,,,-2.035459593802514,0.7092198581560284,,,-1.1422073224835678,12.0,-0.6776296276917969,21.463414634146343,,,3,,,,
R1F,ISLE OF WIGHT NHS TRUST,283.84444444444443,273.5444444444444,6188.0,4765.0,1540.0,26438.0,9724.0,ACUTE - MULTI-SERVICE,31575263.0,60998.0,acute_general,eric_trust_type,True,False,False,False,False,False,0.9637125185939089,0.22996121525533286,5.42550692867768,0.3678039186020123,517.6442342371881,21.80067329523213,6,True,full_provider_sensitivity,0.5556260279034854,78.52348993288591,0.06983366905832095,50.35460992907801,-0.03001209821185753,53.07692307692308,0.47997694759980164,66.0,-0.12207718523073587,60.97560975609756,-0.09798642047225664,51.53846153846153,6,0.14256015677445963,53.84615384615385,61,1
R1H,BARTS HEALTH NHS TRUST,2010.233333333333,1788.588888888889,45558.0,34557.0,5875.0,243022.0,91338.0,ACUTE - TEACHING,523060480.0,421665.0,acute_general,eric_trust_type,True,False,False,False,False,False,0.8897419315612894,0.2414724087975767,2.922546304740744,0.37584251631539534,1240.4645393855312,22.663040774702775,6,True,full_provider_sensitivity,-0.05984295285499957,28.859060402684566,0.17696390973903392,55.319148936170215,-0.8649175761543717,11.538461538461538,0.5527825149316555,72.66666666666667,1.1425800279121707,90.2439024390244,-0.08221935030051772,56.15384615384615,6,0.14422442887882853,54.61538461538461,60,1
R1K,LONDON NORTH WEST UNIVERSITY HEALTHCARE NHS TRUST,1035.1888888888889,1005.2333333333332,29625.0,24947.0,7426.0,163574.0,58826.0,ACUTE - TEACHING,463212926.0,198177.0,acute_general,eric_trust_type,True,False,False,False,False,False,0.9710627153391221,0.1579071729957806,7.173570040894308,0.35962928093706825,2337.3697553197394,28.617965588674103,6,True,full_provider_sensitivity,0.6167830131408175,84.56375838926175,-0.6007455250935505,21.27659574468085,0.5530843573301754,81.53846153846153,0.40593926663241836,60.0,3.06174179410049,99.02439024390245,0.026657340489062736,78.46153846153847,6,0.6772433744332357,96.15384615384616,6,1
R1L,ESSEX PARTNERSHIP UNIVERSITY NHS FOUNDATION TRUST,87.0,78.37777777777778,,,,,,MENTAL HEALTH AND LEARNING DISABILITY,114932627.0,139714.0,mental_health,eric_trust_type,False,False,True,False,False,True,0.9008939974457216,,,,822.6278468872124,,2,False,full_provider_sensitivity,0.03294731552851583,32.88590604026846,,,,,,,0.41152670342742653,78.04878048780488,,,2,,,,
RA2,ROYAL SURREY COUNTY HOSPITAL NHS FOUNDATION TRUST,476.0,452.0,10349.0,7748.0,3508.0,60798.0,21592.0,ACUTE - MEDIUM,49785250.0,89667.0,acute_general,eric_trust_type,True,False,False,False,False,False,0.9495798319327731,0.2513286307855831,7.369747899159663,0.3551432612914899,555.2237724023331,21.741596638655462,6,True,full_provider_sensitivity,0.43803563686234637,71.14093959731544,0.26869196816344626,60.28368794326241,0.6185228492306785,84.61538461538461,0.36530939348745134,55.333333333333336,-0.0563274633861396,64.39024390243902,-0.09906654676636019,50.76923076923077,6,0.25586097293190374,66.92307692307692,44,1
RA7,UNIVERSITY HOSPITALS BRISTOL AND WESTON NHS FOUNDATION TRUST,1021.9777777777778,960.5222222222222,19464.0,12878.0,6643.0,99848.0,31934.0,ACUTE - TEACHING,120755625.0,223148.0,acute_general,eric_trust_type,True,False,False,False,False,False,0.939866054926178,0.3383682696259762,6.500141338146078,0.319826135726304,541.1458986860738,19.045423905716586,6,True,full_provider_sensitivity,0.35721258714222115,63.758389261744966,1.078736332678235,87.94326241134752,0.32845065452591415,76.15384615384615,0.04544224066017647,36.666666666666664,-0.08095832172558327,62.4390243902439,-0.14836194076877682,35.38461538461539,6,0.2634202587520311,70.0,40,1
RA9,TORBAY AND SOUTH DEVON NHS FOUNDATION TRUST,385.74444444444447,369.1777777777778,10748.0,7159.0,3460.0,66956.0,22506.0,ACUTE - MULTI-SERVICE,64112642.0,111757.0,acute_general,eric_trust_type,True,False,False,False,False,False,0.9570527407322061,0.33392259024934867,8.969669038223348,0.3361311906326543,573.6789820771853,27.863006596192065,6,True,full_provider_sensitivity,0.5002136422911795,72.48322147651007,1.0373621085493832,85.81560283687944,1.152204006858811,93.07692307692308,0.19311709828584436,42.66666666666667,-0.024037952605757376,65.85365853658537,0.012854070195803945,76.92307692307693,6,0.47861882892921076,90.0,14,1
RAE,BRADFORD TEACHING HOSPITALS NHS FOUNDATION TRUST,616.8111111111111,582.0333333333333,13766.0,11417.0,4007.0,62892.0,21272.0,ACUTE - TEACHING,110311518.0,150328.0,acute_general,eric_trust_type,True,False,False,False,False,False,0.9436168104768252,0.17063780328345202,6.496316178192496,0.33823061756662215,733.8055319035709,22.31801559994956,6,True,full_provider_sensitivity,0.38842058194714363,67.11409395973155,-0.4822664567215001,23.404255319148938,0.32717470676680427,75.38461538461539,0.21213160485144006,45.33333333333333,0.25612185310427427,74.63414634146342,-0.0885276078251286,54.61538461538461,6,0.10217578035383891,45.38461538461539,72,1
RAJ,MID AND SOUTH ESSEX NHS FOUNDATION TRUST,1701.1333333333334,1684.2444444444443,36939.0,25137.0,10303.0,347954.0,171878.0,ACUTE - LARGE,64599825.0,320741.0,acute_general,eric_trust_type,True,False,False,False,False,False,0.9900719781583518,0.31949971574758385,6.056550534937492,0.4939675934175207,201.4080675685366,21.714347297879844,6,True,full_provider_sensitivity,0.7749487392984611,94.63087248322147,0.9031339756445307,82.26950354609929,0.18048332814375534,70.0,1.6226411595832273,99.33333333333333,-0.6753687106425679,21.951219512195124,-0.09956475927827743,50.0,6,0.4510456221248549,86.92307692307692,18,1
RAL,ROYAL FREE LONDON NHS FOUNDATION TRUST,1410.0444444444445,1390.6444444444444,44561.0,35941.0,7445.0,266780.0,93642.0,ACUTE - TEACHING,151661426.0,238904.0,acute_general,eric_trust_type,True,False,False,False,False,False,0.986241568429679,0.19344269652835444,5.2799754144865405,0.35100832146337807,634.8216270970767,31.602549959024145,6,True,full_provider_sensitivity,0.7430779854466091,93.28859060402685,-0.27003010668023936,27.659574468085108,-0.07855663273207479,48.46153846153846,0.3278592497182761,52.666666666666664,0.08293813329594214,68.78048780487805,0.08122590008928153,86.15384615384616,6,0.14775242152296578,56.15384615384615,58,1
RAN,ROYAL NATIONAL ORTHOPAEDIC HOSPITAL NHS TRUST,175.0222222222222,113.67777777777778,0.0,0.0,7.0,18316.0,5130.0,ACUTE - SPECIALIST,34315839.0,53476.0,specialist,eric_trust_type,False,True,False,False,False,True,0.6495048247841544,,0.03999492127983748,0.2800829875518672,641.7054192534969,0.0,5,False,full_provider_sensitivity,-2.0587251191312803,4.026845637583892,,,-1.8264420673854096,2.307692307692308,-0.3145113922447916,24.0,0.0949821189759055,69.26829268292683,-0.4965783825069063,3.076923076923077,5,-0.9202549684584966,3.8461538461538463,126,
RAP,NORTH MIDDLESEX UNIVERSITY HOSPITAL NHS TRUST,,,,,,,,ACUTE - TEACHING,24053747.0,83303.0,acute_general,eric_trust_type,True,False,False,False,False,False,,,,,288.75006902512513,,1,False,full_provider_sensitivity,,,,,,,,,-0.5225538389992707,34.146341463414636,,,1,,,,
RAS,THE HILLINGDON HOSPITALS NHS FOUNDATION TRUST,397.7,372.6555555555556,12287.0,9928.0,1882.0,65986.0,23938.0,ACUTE - SMALL,146291959.0,82896.0,acute_general,eric_trust_type,True,False,False,False,False,False,0.937026792948342,0.19199153576951244,4.7322102087000255,0.36277392174097534,1764.7649946921445,30.895147095800855,6,True,full_provider_sensitivity,0.333588634085928,60.40268456375839,-0.28353550043377407,26.95035460992908,-0.2612731191856758,38.46153846153847,0.43442027363718355,61.33333333333333,2.059903943600372,95.60975609756098,0.06829212087142743,85.38461538461539,6,0.3918993920959102,81.53846153846153,25,1
RAT,NORTH EAST LONDON NHS FOUNDATION TRUST,159.96666666666667,145.4,1896.0,1841.0,0.0,,,MENTAL HEALTH AND LEARNING DISABILITY,4888362.0,120697.0,mental_health,eric_trust_type,False,False,True,False,False,True,0.9089393623671599,0.029008438818565407,0.0,,40.50110607554455,11.85246926443009,5,False,full_provider_sensitivity,0.09988841666975848,38.92617449664429,-1.8003563530383806,10.638297872340425,-1.8397830598673022,1.153846153846154,,,-0.9568939362728274,4.878048780487805,-0.27987411309804416,7.6923076923076925,5,-0.9554038091213591,3.076923076923077,127,
RAX,KINGSTON HOSPITAL NHS FOUNDATION TRUST,400.94444444444446,371.03333333333336,16099.0,12566.0,4103.0,87722.0,27996.0,ACUTE - MEDIUM,34603723.0,53284.0,acute_general,eric_trust_type,True,False,False,False,False,False,0.9253983649715949,0.2194546245108392,10.233337952057642,0.3191445703472333,649.4205202312139,40.15269502563392,6,True,full_provider_sensitivity,0.2368348160918117,48.99328859060403,-0.027947120662633954,46.09929078014184,1.573722463192506,95.38461538461539,0.039269304052790756,36.0,0.10848057499893234,70.73170731707317,0.23755222320913733,96.92307692307692,6,0.3613187101470907,77.6923076923077,30,1
RBD,DORSET COUNTY HOSPITAL NHS FOUNDATION TRUST,333.03333333333336,319.47777777777776,9089.0,7183.0,2510.0,42994.0,16034.0,ACUTE - SMALL,56526380.0,59330.0,acute_general,eric_trust_type,True,False,False,False,False,False,0.9592967003636605,0.2097040378479481,7.536783104794314,0.37293575847792715,952.7453227709422,27.291562406165546,6,True,full_provider_sensitivity,0.5188844086408557,75.16778523489933,-0.11869207183909161,39.71631205673759,0.6742403091299349,86.15384615384616,0.5264560135941331,70.0,0.6391821846864041,81.95121951219512,0.002406087337137564,76.15384615384615,6,0.373746155258229,80.76923076923077,26,1
RBK,WALSALL HEALTHCARE NHS TRUST,478.4666666666666,443.27777777777777,14445.0,12522.0,5571.0,54608.0,14638.0,ACUTE - SMALL,32974079.0,96513.0,acute_general,eric_trust_type,True,False,False,False,False,False,0.9264548790116578,0.13312564901349944,11.64344433607357,0.2680559624963375,341.65427455368706,30.19019088755748,6,True,full_provider_sensitivity,0.2456254941907674,50.33557046979866,-0.8313776154075443,18.439716312056735,2.044087651217242,98.46153846153847,-0.4234401399820322,22.0,-0.4299918500087154,39.51219512195122,0.055403074997156805,83.84615384615385,6,0.11005110250114573,46.92307692307692,70,1
RBL,WIRRAL UNIVERSITY TEACHING HOSPITAL NHS FOUNDATION TRUST,785.0888888888888,724.3,11597.0,7131.0,4357.0,87332.0,30824.0,ACUTE - TEACHING,61128760.0,119584.0,acute_general,eric_trust_type,True,False,False,False,False,False,0.9225706926321152,0.3850995947227731,5.549690056327663,0.3529519534649384,511.1784185175274,14.771575759291235,6,True,full_provider_sensitivity,0.2133072941062006,47.651006711409394,1.5136467602178476,97.16312056737588,0.011411315545217205,56.15384615384615,0.34546272181669435,54.666666666666664,-0.13338987308756575,60.0,-0.22650271628759513,13.076923076923078,6,0.2873225837184665,72.3076923076923,37,1
RBN,MERSEY AND WEST LANCASHIRE TEACHING HOSPITALS NHS TRUST,1198.7888888888888,1165.6777777777777,25674.0,19186.0,8706.0,155332.0,52342.0,ACUTE - TEACHING,31675117.0,213941.0,acute_general,eric_trust_type,True,False,False,False,False,False,0.9723795311935194,0.2527070187738568,7.2623295733657125,0.33696855767002293,148.05538442841717,21.41661491690688,6,True,full_provider_sensitivity,0.6277395209132256,85.23489932885906,0.28152009379553283,60.99290780141844,0.5826916228905221,83.07692307692308,0.20070113027678727,44.666666666666664,-0.7687153627677218,15.609756097560975,-0.10500834041387545,48.46153846153846,6,0.13648811078241174,53.07692307692308,62,1
RBQ,LIVERPOOL HEART AND CHEST HOSPITAL NHS FOUNDATION TRUST,173.37777777777777,137.32222222222222,0.0,0.0,126.0,12068.0,2480.0,ACUTE - SPECIALIST,13376964.0,31062.0,specialist,eric_trust_type,False,True,False,False,False,True,0.792040502435273,,0.7267367341707255,0.20550215445807093,430.6536604210933,0.0,5,False,full_provider_sensitivity,-0.8727633502059038,11.409395973154362,,,-1.5973675481814582,3.8461538461538463,-0.9899898847729318,12.666666666666668,-0.27427719381985116,49.75609756097561,-0.4965783825069063,3.076923076923077,5,-0.8461952718974104,5.384615384615385,124,
RBS,ALDER HEY CHILDRENS NHS FOUNDATION TRUST,203.0,151.95555555555555,6640.0,5543.0,1192.0,32994.0,10406.0,ACUTE - SPECIALIST,2600000.0,92594.0,specialist,eric_trust_type,False,True,False,False,False,True,0.7485495347564313,0.165210843373494,5.87192118226601,0.31539067709280477,28.079573190487505,32.70935960591133,6,False,full_provider_sensitivity,-1.2346280132197731,6.7114093959731544,-0.532773080485994,21.98581560283688,0.11889703850730883,64.61538461538461,0.005270298525137759,34.66666666666667,-0.9786268359292022,2.9268292682926833,0.10146222136143808,88.46153846153845,6,-0.42006639520684735,9.230769230769232,119,1
RBT,THE MID CHESHIRE HOSPITALS NHS FOUNDATION TRUST,532.1,497.8555555555556,10856.0,6902.0,3210.0,61170.0,22954.0,ACUTE - SMALL,111520345.0,99503.0,acute_general,eric_trust_type,True,False,False,False,False,False,0.9356428407358685,0.3642225497420781,6.032700620184175,0.3752493052149747,1120.7736952654693,20.40218004134561,6,True,full_provider_sensitivity,0.3220735212309504,56.375838926174495,1.319352150777378,94.32624113475178,0.17252777970820474,69.23076923076923,0.5474098028923684,72.0,0.9331671374808006,86.82926829268293,-0.12355573030090129,41.53846153846154,6,0.5284957769648002,93.07692307692308,10,1
RBV,THE CHRISTIE NHS FOUNDATION TRUST,187.0555555555556,175.34444444444443,0.0,0.0,829.0,6132.0,180.0,ACUTE - SPECIALIST,17450000.0,95247.0,specialist,eric_trust_type,False,True,False,False,False,True,0.9373923373923371,,4.431838431838431,0.029354207436399216,183.207870064149,0.0,5,False,full_provider_sensitivity,0.33663013038050726,61.07382550335571,,,-0.36146728106050946,30.0,-2.585361574527129,4.666666666666667,-0.707212048316688,19.024390243902438,-0.4965783825069063,3.076923076923077,5,-0.762797831206145,6.153846153846154,123,
RC9,BEDFORDSHIRE HOSPITALS NHS FOUNDATION TRUST,1075.8666666666666,1041.4666666666667,27101.0,21675.0,7835.0,168998.0,64090.0,ACUTE - MEDIUM,169889391.0,142941.0,acute_general,eric_trust_type,True,False,False,False,False,False,0.9680257776676169,0.20021401424301688,7.282500929483208,0.379235257221979,1188.5280710223099,25.18992440203247,6,True,full_provider_sensitivity,0.5915143082637813,81.20805369127517,-0.2070120630833492,33.33333333333333,0.5894201249528266,83.84615384615385,0.5835105641911147,76.0,1.0517112063352279,88.78048780487805,-0.03601914862734956,67.6923076923077,6,0.42885416533870857,84.61538461538461,21,1
RCB,YORK AND SCARBOROUGH TEACHING HOSPITALS NHS FOUNDATION TRUST,838.8,831.1555555555556,19818.0,14066.0,7307.0,109930.0,47736.0,ACUTE - TEACHING,114524322.0,170448.0,acute_general,eric_trust_type,True,False,False,False,False,False,0.9908864515445346,0.29024119487334743,8.711254172627564,0.4342399708905667,671.9018234300197,23.626609442060087,6,True,full_provider_sensitivity,0.7817255288976538,95.30201342281879,0.6308362011595731,73.75886524822694,1.0660052929020811,91.53846153846153,1.081688172693723,94.0,0.14781419920500327,72.6829268292683,-0.06460197121887895,61.53846153846154,6,0.6072445706065259,95.38461538461539,7,1
RCD,HARROGATE AND DISTRICT NHS FOUNDATION TRUST,285.02222222222224,281.8111111111112,7127.0,5616.0,1457.0,41548.0,9872.0,ACUTE - SMALL,33363774.0,62392.0,acute_general,eric_trust_type,True,False,False,False,False,False,0.9887338219242167,0.21201066367335486,5.111882114455013,0.23760469818041782,534.7444223618413,25.005067830968343,6,True,full_provider_sensitivity,0.7638146698452124,93.95973154362416,-0.09722519449667441,40.42553191489361,-0.13462703817896962,44.61538461538462,-0.6992371948342438,17.333333333333336,-0.09215844041420074,61.951219512195124,-0.03939896824840515,66.92307692307692,6,-0.049805361054546894,25.384615384615383,98,1
RCF,AIREDALE NHS FOUNDATION TRUST,380.2111111111111,359.14444444444445,6526.0,4466.0,1977.0,28404.0,7564.0,ACUTE - SMALL,318972898.0,71565.0,acute_general,eric_trust_type,True,False,False,False,False,False,0.9445921856278676,0.31566043518234754,5.199742832929075,0.26630052105337276,4457.1074966813385,17.16414857243052,6,True,full_provider_sensitivity,0.39653614752734506,68.45637583892618,0.8674032714838242,80.85106382978722,-0.10531958745504351,46.92307692307692,-0.4393391704758855,21.333333333333336,6.770466639667792,100.0,-0.1827581823924646,23.076923076923077,6,1.217831519725928,99.23076923076923,2,1
RCU,SHEFFIELD CHILDRENS NHS FOUNDATION TRUST,140.32222222222222,97.38888888888889,5494.0,5387.0,1297.0,21622.0,5904.0,ACUTE - SPECIALIST,68155500.0,56065.0,specialist,eric_trust_type,False,True,False,False,False,True,0.6940375326629187,0.019475791772843087,9.243012114973475,0.27305522153362316,1215.6514759653974,39.15274368516906,6,False,full_provider_sensitivity,-1.6881927030985155,4.697986577181208,-1.8890730242145524,7.801418439716312,1.2433822818799254,93.84615384615384,-0.3781618584426391,22.666666666666664,1.0991667211595268,89.75609756097562,0.21926964260543477,95.38461538461539,6,-0.23226815668513676,14.615384615384617,112,1
RCX,THE QUEEN ELIZABETH HOSPITAL KING'S LYNN NHS FOUNDATION TRUST,489.56666666666666,487.47777777777776,9086.0,6113.0,2319.0,50058.0,20792.0,ACUTE - SMALL,127781396.0,66794.0,acute_general,eric_trust_type,True,False,False,False,False,False,0.9957331880801615,0.32720669161347127,4.7368421052631575,0.41535818450597306,1913.0669820642572,18.55927010281201,6,True,full_provider_sensitivity,0.8220525847620581,97.31543624161074,0.9748598289544408,84.39716312056737,-0.2597280705832974,39.23076923076923,0.9106758619668723,92.66666666666666,2.3193753180453385,97.5609756097561,-0.157250519370279,31.538461538461537,6,0.7683308339625223,97.6923076923077,4,1
RD1,ROYAL UNITED HOSPITALS BATH NHS FOUNDATION TRUST,509.76666666666665,497.1555555555556,9444.0,5916.0,5318.0,78210.0,24146.0,ACUTE - MEDIUM,74931842.0,113242.0,acute_general,eric_trust_type,True,False,False,False,False,False,0.9752610126637461,0.37357052096569254,10.43222389328451,0.3087328986063163,661.6965613464969,18.526123062839208,6,True,full_provider_sensitivity,0.651714759378926,87.24832214765101,1.4063501152705526,95.74468085106383,1.6400642826474525,97.6923076923077,-0.05502919115719982,31.333333333333336,0.12995892007958876,72.1951219512195,-0.1578565622901227,30.76923076923077,6,0.6025337206548662,94.61538461538461,8,1
RD8,MILTON KEYNES UNIVERSITY HOSPITAL NHS FOUNDATION TRUST,572.0,493.18888888888887,15047.0,11939.0,3057.0,66896.0,25048.0,ACUTE - TEACHING,34013060.0,72295.0,acute_general,eric_trust_type,True,False,False,False,False,False,0.8622183372183372,0.20655280122283515,5.344405594405594,0.37443195407797175,470.47596652603914,26.305944055944057,6,True,full_provider_sensitivity,-0.28885179591848203,17.449664429530202,-0.1480194162931076,37.5886524822695,-0.057064840314410684,50.0,0.540007054880764,71.33333333333334,-0.20460349165501102,54.63414634146342,-0.015614436465586343,72.3076923076923,6,-0.029024487627638956,26.923076923076923,96,1
RDE,EAST SUFFOLK AND NORTH ESSEX NHS FOUNDATION TRUST,1233.2888888888888,1182.1,25184.0,19320.0,5571.0,177184.0,70626.0,ACUTE - LARGE,122441923.0,215900.0,acute_general,eric_trust_type,True,False,False,False,False,False,0.958493999783776,0.23284625158831007,4.517189808641754,0.39860258262597076,567.1233117183881,20.420195322353962,6,True,full_provider_sensitivity,0.5122055741530624,73.8255033557047,0.0966835900148409,51.77304964539007,-0.3329968643222134,33.07692307692307,0.7589204010822839,87.33333333333333,-0.03550785148268304,64.8780487804878,-0.1232263484461998,42.30769230769231,6,0.1460130834998485,55.38461538461539,59,1
RDR,SUSSEX COMMUNITY NHS FOUNDATION TRUST,,,11899.0,11661.0,0.0,26348.0,11718.0,COMMUNITY,17340686.0,69758.0,community,eric_trust_type,False,False,False,True,False,True,,0.020001680813513723,,0.4447396386822529,248.58347429685483,,3,False,full_provider_sensitivity,,,-1.8841787776456242,8.51063829787234,,,1.1767836480024376,96.66666666666667,-0.5928299136871142,28.780487804878046,,,3,,,,
RDU,FRIMLEY HEALTH NHS FOUNDATION TRUST,1389.5555555555557,1240.1555555555556,36352.0,28553.0,7106.0,133666.0,51912.0,ACUTE - LARGE,104865028.0,171058.0,acute_general,eric_trust_type,True,False,False,False,False,False,0.8924836078682232,0.21454115316901412,5.113865344634575,0.3883710143192734,613.0378468121924,26.16088277626739,6,True,full_provider_sensitivity,-0.03703095703490278,30.201342281879196,-0.07367490427567014,41.843971631205676,-0.13396549771161198,45.38461538461539,0.6662531024036169,84.66666666666667,0.04482490560908941,67.8048780487805,-0.018266660059718432,70.76923076923077,6,0.07468999815513383,40.76923076923077,78,1
RDY,DORSET HEALTHCARE UNIVERSITY NHS FOUNDATION TRUST,0.0,0.0,0.0,0.0,1.0,,,MENTAL HEALTH AND LEARNING DISABILITY,29219406.0,103631.0,mental_health,eric_trust_type,False,False,True,False,False,True,,,,,281.9562293136224,,1,False,full_provider_sensitivity,,,,,,,,,-0.5344404425366814,33.170731707317074,,,1,,,,
REF,ROYAL CORNWALL HOSPITALS NHS TRUST,673.4222222222222,671.0444444444445,19564.0,15572.0,3870.0,83724.0,22064.0,ACUTE - LARGE,55208025.0,115328.0,acute_general,eric_trust_type,True,False,False,False,False,False,0.9964691129883845,0.20404825189122877,5.746766103484688,0.26353255936171227,478.704434309101,29.05161034846885,6,True,full_provider_sensitivity,0.82817581524256,97.98657718120806,-0.17132829140732175,36.17021276595745,0.07714941376741405,61.53846153846154,-0.46440859533075474,20.666666666666668,-0.19020684139374375,55.60975609756098,0.03458587156201974,80.0,6,0.018994562073362257,33.84615384615385,87,1
REM,LIVERPOOL UNIVERSITY HOSPITALS NHS FOUNDATION TRUST,1533.6333333333334,1477.4222222222222,27225.0,19069.0,8146.0,121300.0,45870.0,ACUTE - TEACHING,59304977.0,297359.0,acute_general,eric_trust_type,True,False,False,False,False,False,0.9633477508023792,0.29957759412304863,5.311569475537395,0.3781533388293487,199.43898452712043,17.75196157273577,6,True,full_provider_sensitivity,0.5525909937112149,77.85234899328859,0.7177264697525856,77.30496453900709,-0.0680178913753218,49.23076923076923,0.5737116309454474,73.33333333333333,-0.6788138477725953,20.975609756097562,-0.17201092087773034,26.153846153846157,6,0.15419773906393341,57.692307692307686,56,1
REN,CLATTERBRIDGE CANCER CENTRE NHS FOUNDATION TRUST,95.0,86.3,,,,1454.0,52.0,ACUTE - SPECIALIST,46112749.0,40101.0,specialist,eric_trust_type,False,True,False,False,False,True,0.9084210526315789,,,0.03576341127922971,1149.9151891474028,,3,False,full_provider_sensitivity,0.09557584355830606,38.25503355704698,,,,,-2.527313425016436,6.0,0.9841535308859825,87.8048780487805,,,3,,,,
REP,LIVERPOOL WOMEN'S NHS FOUNDATION TRUST,22.355555555555554,14.055555555555555,1589.0,1388.0,138.0,23720.0,9466.0,ACUTE - SPECIALIST,9623400.0,32556.0,specialist,eric_trust_type,False,True,False,False,False,True,0.628727634194831,0.12649465072372557,6.172962226640159,0.39907251264755483,295.59528197567266,71.07852882703777,6,False,full_provider_sensitivity,-2.2316008096999727,3.3557046979865772,-0.8930897602107668,17.73049645390071,0.2193144460485333,70.76923076923077,0.7631765565770089,88.0,-0.5105773520747195,35.12195121951219,0.802983786057013,99.23076923076923,6,-0.3082988555504839,12.307692307692308,115,1
RET,THE WALTON CENTRE NHS FOUNDATION TRUST,158.0,129.83333333333334,0.0,0.0,180.0,30920.0,11086.0,ACUTE - SPECIALIST,22484598.0,27240.0,specialist,eric_trust_type,False,True,False,False,False,True,0.8217299578059072,,1.139240506329114,0.35853816300129365,825.4257709251101,0.0,5,False,full_provider_sensitivity,-0.6257335567532609,14.093959731543624,,,-1.4597698345964656,6.153846153846154,0.3960570131384071,58.666666666666664,0.4164219931573229,78.53658536585367,-0.4965783825069063,3.076923076923077,5,-0.35392055351218055,11.538461538461538,116,
RF4,"BARKING, HAVERING AND REDBRIDGE UNIVERSITY HOSPITALS NHS TRUST",896.0,868.6444444444444,31214.0,24448.0,5886.0,137750.0,46822.0,ACUTE - TEACHING,57738651.0,155255.0,acute_general,eric_trust_type,True,False,False,False,False,False,0.969469246031746,0.2167617094893317,6.569196428571429,0.33990562613430125,371.8955975652958,34.83705357142857,6,True,full_provider_sensitivity,0.6035246226125899,83.22147651006712,-0.05300904263693593,43.262411347517734,0.3514851652267878,76.92307692307693,0.22730215491548478,46.0,-0.3770811791141469,42.926829268292686,0.1403638507212193,90.76923076923077,6,0.14876426195416648,56.92307692307692,57,1
RFF,BARNSLEY HOSPITAL NHS FOUNDATION TRUST,476.74444444444447,436.44444444444446,9461.0,7618.0,3924.0,42988.0,12462.0,ACUTE - SMALL,23281530.0,72369.0,acute_general,eric_trust_type,True,False,False,False,False,False,0.9154683384995456,0.1947997040481979,8.230824807141026,0.28989485437796597,321.70584089872733,19.84501363413895,6,True,full_provider_sensitivity,0.15421247230857427,42.281879194630875,-0.2574009608255663,28.368794326241137,0.905749831760131,88.46153846153845,-0.2256453292411142,27.333333333333332,-0.46489392779064775,37.073170731707314,-0.13374266574187543,40.0,6,-0.0036200965884163883,31.538461538461537,90,1
RFR,THE ROTHERHAM NHS FOUNDATION TRUST,475.6333333333333,439.05555555555554,9778.0,6752.0,2218.0,56548.0,17376.0,ACUTE - SMALL,19042226.0,84790.0,acute_general,eric_trust_type,True,False,False,False,False,False,0.9230966897937253,0.30947023931274287,4.6632560095311515,0.3072787720166938,224.58103549946927,20.557852687644544,6,True,full_provider_sensitivity,0.21768383010415396,48.322147651006716,0.8097935048737984,78.72340425531915,-0.2842739758762134,35.38461538461539,-0.06819921348006666,30.0,-0.6348249394797352,24.390243902439025,-0.12070949410061893,44.61538461538462,6,-0.013421714659780279,30.0,92,1
RFS,CHESTERFIELD ROYAL HOSPITAL NHS FOUNDATION TRUST,555.1888888888889,506.5444444444444,12851.0,9533.0,2386.0,54076.0,20632.0,ACUTE - SMALL,6322998.0,102008.0,acute_general,eric_trust_type,True,False,False,False,False,False,0.9123821722336742,0.25819002412263636,4.297636440050433,0.3815370959390487,61.98531487726453,23.14707707086677,6,True,full_provider_sensitivity,0.1285341631007613,41.61073825503356,0.3325483108533698,65.95744680851064,-0.4062326589186545,26.153846153846157,0.6043583139701194,80.0,-0.9193048433319652,7.804878048780488,-0.073369487070551,59.23076923076923,6,-0.05557770023282003,24.615384615384617,99,1
RGD,LEEDS AND YORK PARTNERSHIP NHS FOUNDATION TRUST,0.0,0.0,,,,,,MENTAL HEALTH AND LEARNING DISABILITY,2645247.0,56015.0,mental_health,eric_trust_type,False,False,True,False,False,True,,,,,47.22390431134517,,1,False,full_provider_sensitivity,,,,,,,,,-0.9451316279634822,5.365853658536586,,,1,,,,
RGM,ROYAL PAPWORTH HOSPITAL NHS FOUNDATION TRUST,244.63333333333333,183.9777777777778,,,,10566.0,2242.0,ACUTE - SPECIALIST,,54182.0,specialist,eric_trust_type,False,True,False,False,False,True,0.7520552300495073,,,0.21219004353586976,,,2,False,full_provider_sensitivity,-1.2054590313928772,7.38255033557047,,,,,-0.9294176835106381,13.333333333333334,,,,,2,,,,
RGN,NORTH WEST ANGLIA NHS FOUNDATION TRUST,999.7777777777778,879.5,21625.0,15608.0,5646.0,158368.0,61212.0,ACUTE - LARGE,70368955.0,161862.0,acute_general,eric_trust_type,True,False,False,False,False,False,0.8796954878861969,0.27824277456647395,5.6472549455434535,0.3865174782784401,434.7466051327674,21.629806623694154,6,True,full_provider_sensitivity,-0.1434339408003845,22.14765100671141,0.519171528808564,70.2127659574468,0.04395575898635783,57.692307692307686,0.6494656292852345,82.66666666666667,-0.26711611655660045,51.21951219512195,-0.10111045618126141,49.23076923076923,6,0.116822067256985,49.23076923076923,67,1
RGP,JAMES PAGET UNIVERSITY HOSPITALS NHS FOUNDATION TRUST,0.0,0.0,9372.0,6694.0,2116.0,65654.0,29220.0,ACUTE - TEACHING,118998935.0,62440.0,acute_general,eric_trust_type,True,False,False,False,False,False,,0.2857447716602646,,0.4450604685167697,1905.812540038437,,3,False,full_provider_sensitivity,,,0.5889897237068089,73.04964539007092,,,1.1796894033284062,97.33333333333334,2.3066828378120974,97.07317073170731,,,3,,,,
RGR,WEST SUFFOLK NHS FOUNDATION TRUST,485.8444444444444,448.03333333333336,9239.0,7228.0,2285.0,58260.0,19804.0,ACUTE - SMALL,111299238.0,64494.0,acute_general,eric_trust_type,True,False,False,False,False,False,0.9221744499839915,0.21766424937763829,4.703151443077346,0.3399244764847236,1725.7301144292492,19.01637469697663,6,True,full_provider_sensitivity,0.21001037476897494,46.97986577181208,-0.0446094518296581,44.680851063829785,-0.27096616923552524,36.15384615384615,0.22747288251074935,46.666666666666664,1.9916079334619892,94.6341463414634,-0.1488930611131079,34.61538461538461,6,0.3274370847605704,74.61538461538461,34,1
RGT,CAMBRIDGE UNIVERSITY HOSPITALS NHS FOUNDATION TRUST,1067.588888888889,952.8777777777776,17967.0,12844.0,3475.0,116870.0,43326.0,ACUTE - TEACHING,238059284.0,243929.0,acute_general,eric_trust_type,True,False,False,False,False,False,0.8925512317475514,0.28513385651472145,3.254998282734719,0.3707196029776675,975.9367848841262,16.829511984430127,6,True,full_provider_sensitivity,-0.03646829555343226,30.87248322147651,0.5833041719577788,71.63120567375887,-0.7540225125542871,15.384615384615385,0.5063842965801827,68.66666666666667,0.6797583135470195,82.92682926829268,-0.18887650050004476,20.76923076923077,6,0.13167991224620282,51.53846153846153,64,1
RH5,SOMERSET NHS FOUNDATION TRUST,1144.0666666666666,1015.1888888888888,22545.0,16418.0,4300.0,104604.0,36186.0,ACUTE - MULTI-SERVICE,184634661.0,204563.0,acute_general,eric_trust_type,True,False,False,False,False,False,0.8873511644620554,0.27176757595919276,3.7585222306392403,0.3459332339107491,902.5809212809746,19.706019462735274,6,True,full_provider_sensitivity,-0.07973522421344653,26.845637583892618,0.4589093515888217,67.37588652482269,-0.5860634570420665,19.230769230769234,0.281894189430108,50.0,0.5514137978059824,80.97560975609757,-0.1362839615422803,39.23076923076923,6,0.0816891160045198,42.30769230769231,76,1
RH8,ROYAL DEVON UNIVERSITY HEALTHCARE NHS FOUNDATION TRUST,1100.6333333333334,1041.8333333333333,19576.0,13786.0,5589.0,141450.0,52674.0,ACUTE - LARGE,168157279.0,240867.0,acute_general,eric_trust_type,True,False,False,False,False,False,0.9465762136951451,0.29577033101757255,5.077985402344105,0.3723860021208908,698.1333225389945,17.78612314122172,6,True,full_provider_sensitivity,0.41304416485354284,69.12751677852349,0.6822937397469926,75.177304964539,-0.14593386832043764,43.84615384615385,0.5214768710999529,69.33333333333334,0.19370922224659942,73.65853658536585,-0.17138632885597965,26.923076923076923,6,0.24886730012844507,66.15384615384615,45,1
RHA,NOTTINGHAMSHIRE HEALTHCARE NHS FOUNDATION TRUST,12.133333333333333,9.488888888888887,,,,,,MENTAL HEALTH AND LEARNING DISABILITY,42812030.0,186128.0,mental_health,eric_trust_type,False,False,True,False,False,True,0.7820512820512819,,,,230.01391515516204,,2,False,full_provider_sensitivity,-0.95587821430176,9.395973154362416,,,,,,,-0.625319492004378,26.34146341463415,,,2,,,,
RHM,UNIVERSITY HOSPITAL SOUTHAMPTON NHS FOUNDATION TRUST,1228.9333333333334,1045.7555555555557,13305.0,9644.0,5516.0,119366.0,43564.0,ACUTE - TEACHING,164863046.0,192190.0,acute_general,eric_trust_type,True,False,False,False,False,False,0.8509457162489603,0.2751597143930853,4.488445264185743,0.3649615468391334,857.8128206462355,10.826461972442226,6,True,full_provider_sensitivity,-0.3826451375265406,16.10738255033557,0.49047867630841685,68.08510638297872,-0.34258510050850116,32.30769230769231,0.4542335908424516,63.33333333333333,0.4730868595847172,79.02439024390245,-0.2986330869167445,6.923076923076923,6,0.06565596696396657,38.46153846153847,81,1
RHQ,SHEFFIELD TEACHING HOSPITALS NHS FOUNDATION TRUST,1517.8,1374.9,19423.0,14728.0,6527.0,,,ACUTE - TEACHING,179920788.0,328495.0,acute_general,eric_trust_type,True,False,False,False,False,False,0.9058505731980498,0.24172372959892907,4.300303070233232,,547.7124096257173,12.79681117406773,5,True,full_provider_sensitivity,0.07418828371215902,35.57046979865772,0.17930285555191974,56.73758865248227,-0.4053431586500631,26.923076923076923,,,-0.06946945600632583,63.41463414634146,-0.26260826586953967,8.461538461538462,5,-0.09678594825236997,20.76923076923077,104,
RHU,PORTSMOUTH HOSPITALS UNIVERSITY NHS TRUST,1134.2666666666669,1070.9888888888888,18623.0,14265.0,5845.0,106874.0,41212.0,ACUTE - LARGE,8384928.0,166884.0,acute_general,eric_trust_type,True,False,False,False,False,False,0.9442126092237763,0.23401170595500187,5.153109204184788,0.38561296479967067,50.24404975911411,16.418537674855997,6,True,full_provider_sensitivity,0.39337789893262914,67.78523489932886,0.10753002451773457,52.4822695035461,-0.12087503476116282,46.15384615384615,0.6412734520760828,82.0,-0.9398475363323295,6.341463414634147,-0.1963905370704113,17.692307692307693,6,-0.019155288772909538,28.46153846153846,94,1
RHW,ROYAL BERKSHIRE NHS FOUNDATION TRUST,612.4111111111112,611.2,18612.0,14319.0,2630.0,69352.0,11246.0,ACUTE - LARGE,161072820.0,115858.0,acute_general,eric_trust_type,True,False,False,False,False,False,0.9980223887366874,0.23065764023210833,4.294500789230183,0.1621582650824778,1390.2606639161731,30.3913493114647,6,True,full_provider_sensitivity,0.8410997770494777,98.65771812080537,0.07631502784220537,51.06382978723404,-0.4072786090713278,25.384615384615383,-1.382555425290707,10.666666666666668,1.4046655670693073,92.19512195121952,0.059080949059996515,84.61538461538461,6,0.09855454777649199,43.84615384615385,74,1
RJ1,GUY'S AND ST THOMAS' NHS FOUNDATION TRUST,1216.9444444444443,1032.8111111111111,17742.0,13198.0,2372.0,211576.0,66740.0,ACUTE - TEACHING,531861351.0,471597.0,acute_general,eric_trust_type,True,False,False,False,False,False,0.8486920794339193,0.2561154323075189,1.949144031043141,0.31544220516504706,1127.7878167163913,14.579137183291488,6,True,full_provider_sensitivity,-0.40139642245201257,15.436241610738255,0.31324088459455884,63.829787234042556,-1.1896126124164779,8.461538461538462,0.0057369881975007616,35.333333333333336,0.945439149243044,87.3170731707317,-0.23002116127046954,11.538461538461538,6,-0.09276886235064274,21.53846153846154,103,1
RJ2,THE LEWISHAM AND GREENWICH NHS TRUST,984.9,928.6,35406.0,26851.0,4536.0,110634.0,38836.0,ACUTE - LARGE,65763529.0,152269.0,acute_general,eric_trust_type,True,False,False,False,False,False,0.9428368362270282,0.24162571315596226,4.605543710021322,0.351031328524685,431.8904635874669,35.94882729211088,6,True,full_provider_sensitivity,0.3819308408784571,66.44295302013423,0.17839065430300782,56.02836879432624,-0.30352490397496484,34.61538461538461,0.3280676246377351,53.333333333333336,-0.2721132645078884,50.73170731707317,0.16069093248902142,92.3076923076923,6,0.07890698063756137,41.53846153846154,77,1
RJ6,CROYDON HEALTH SERVICES NHS TRUST,433.8555555555556,426.5111111111111,18627.0,14786.0,1294.0,64682.0,18744.0,ACUTE - MEDIUM,184128797.0,89054.0,acute_general,eric_trust_type,True,False,False,False,False,False,0.9830716828437523,0.20620604498845763,2.9825594796015054,0.28978695773167185,2067.6083836773196,42.93364406996696,6,True,full_provider_sensitivity,0.7167030933583394,89.93288590604027,-0.15124654289036923,36.87943262411347,-0.844899151589162,13.076923076923078,-0.22662254900340806,26.666666666666668,2.589763264934938,98.04878048780488,0.28839762238043337,98.46153846153847,6,0.3953492895317952,82.3076923076923,24,1
RJ7,ST GEORGE'S UNIVERSITY HOSPITALS NHS FOUNDATION TRUST,826.0,813.6111111111111,13294.0,10397.0,2421.0,133994.0,49070.0,ACUTE - TEACHING,105855000.0,142464.0,acute_general,eric_trust_type,True,False,False,False,False,False,0.9850013451708367,0.21791785768015648,2.930992736077482,0.36621042733256715,743.0298180592991,16.09443099273608,6,True,full_provider_sensitivity,0.7327587629602978,91.2751677852349,-0.042249217125264006,45.39007092198582,-0.8621001240040396,12.307692307692308,0.4655446995825683,64.66666666666666,0.2722608020793475,75.1219512195122,-0.2023163319568918,16.153846153846153,6,0.06064976525600305,37.69230769230769,82,1
RJ8,CORNWALL PARTNERSHIP NHS FOUNDATION TRUST,57.333333333333336,56.31111111111111,0.0,0.0,102.0,1298.0,28.0,MENTAL HEALTH AND LEARNING DISABILITY,4955934.0,61342.0,mental_health,eric_trust_type,False,False,True,False,False,True,0.9821705426356588,,1.7790697674418603,0.02157164869029276,80.79185549867954,0.0,5,False,full_provider_sensitivity,0.7092051963205448,89.26174496644296,,,-1.2463438022641238,7.6923076923076925,-2.6558481973196133,4.0,-0.8864006386745482,8.780487804878048,-0.4965783825069063,3.076923076923077,5,-0.9151931648889293,4.615384615384616,125,
RJC,SOUTH WARWICKSHIRE UNIVERSITY NHS FOUNDATION TRUST,443.9333333333333,404.25555555555553,9084.0,7276.0,2478.0,59410.0,18494.0,ACUTE - TEACHING,56389944.0,86200.0,acute_general,eric_trust_type,True,False,False,False,False,False,0.9106222155478801,0.199031263760458,5.581919207088152,0.3112943948830163,654.1756844547564,20.462531911698456,6,True,full_provider_sensitivity,0.11389052174224261,40.939597315436245,-0.21801946586888735,31.914893617021278,0.022161901975555332,56.92307692307692,-0.031829723253352045,33.33333333333333,0.11680028142132995,71.70731707317073,-0.12245228867363454,43.07692307692308,6,-0.01990812877612434,27.692307692307693,95,1
RJE,UNIVERSITY HOSPITALS OF NORTH MIDLANDS NHS TRUST,1354.5,1261.611111111111,25668.0,17056.0,6014.0,130802.0,46136.0,ACUTE - TEACHING,51217602.0,214872.0,acute_general,eric_trust_type,True,False,False,False,False,False,0.9314220089413887,0.33551503817983486,4.440014765596161,0.35271631932233455,238.36331397296996,18.95016611295681,6,True,full_provider_sensitivity,0.2869542779382633,53.02013422818792,1.0521824075425692,86.52482269503547,-0.3587399245937193,30.76923076923077,0.34332858374352426,54.0,-0.6107112589966174,27.31707317073171,-0.150103583790578,33.07692307692307,6,0.09381841697390701,43.07692307692308,75,1
RJL,NORTHERN LINCOLNSHIRE AND GOOLE NHS FOUNDATION TRUST,604.7,477.6222222222222,17930.0,12950.0,6237.0,79032.0,30374.0,ACUTE - MEDIUM,66225536.0,166976.0,acute_general,eric_trust_type,True,False,False,False,False,False,0.7898498796464729,0.27774679308421635,10.314205391103025,0.3843253365725276,396.61709467228826,29.651066644617163,6,True,full_provider_sensitivity,-0.8909903297275691,10.06711409395973,0.5145556203562874,68.79432624113475,1.60069718552752,96.15384615384616,0.6296114051703661,80.66666666666666,-0.3338280781520299,45.85365853658537,0.045546012930132315,82.3076923076923,6,0.2609319693507845,69.23076923076923,41,1
RJN,EAST CHESHIRE NHS TRUST,307.0,281.5444444444444,4503.0,2288.0,1016.0,32538.0,12992.0,ACUTE - SMALL,16982682.0,48841.0,acute_general,eric_trust_type,True,False,False,False,False,False,0.9170828809265291,0.4918942926937597,3.3094462540716614,0.39928698752228164,347.7136422268176,14.667752442996743,6,True,full_provider_sensitivity,0.167646200791609,42.95302013422819,2.5075438443968094,100.0,-0.7358604571478511,17.692307692307693,0.7651190551930196,88.66666666666667,-0.4193902897311069,40.487804878048784,-0.2284009668042806,12.307692307692308,6,0.3427762311163665,76.15384615384615,32,1
RJR,COUNTESS OF CHESTER HOSPITAL NHS FOUNDATION TRUST,519.7111111111111,516.2777777777778,8089.0,4933.0,3122.0,61206.0,21906.0,ACUTE - SMALL,51887323.0,73724.0,acute_general,eric_trust_type,True,False,False,False,False,False,0.9933937657673068,0.3901594758313759,6.007183478000599,0.3579060876384668,703.8050431338506,15.564416128618463,6,True,full_provider_sensitivity,0.8025875254159501,95.9731543624161,1.5607371230886595,97.87234042553192,0.16401609894632513,68.46153846153847,0.3903323075332888,57.99999999999999,0.20363254940014952,74.14634146341463,-0.21200684296704359,14.615384615384617,6,0.4848831269028883,90.76923076923077,13,1
RJZ,KING'S COLLEGE HOSPITAL NHS FOUNDATION TRUST,1357.0,1232.0111111111112,26633.0,19212.0,3944.0,167836.0,56416.0,ACUTE - TEACHING,71285531.0,272955.0,acute_general,eric_trust_type,True,False,False,False,False,False,0.9078932285269795,0.2786392820936432,2.9064112011790715,0.33613765819013797,261.1622098880768,19.62638172439204,6,True,full_provider_sensitivity,0.09118410656243373,36.91275167785235,0.5228616715084907,70.92198581560284,-0.8702997168968101,10.76923076923077,0.19317567494419197,43.333333333333336,-0.5708219698256153,29.756097560975608,-0.1377400157635586,38.46153846153847,6,-0.1286067082451446,18.461538461538463,107,1
RK5,SHERWOOD FOREST HOSPITALS NHS FOUNDATION TRUST,712.8333333333334,668.7444444444444,17567.0,13624.0,4067.0,66272.0,24102.0,ACUTE - MEDIUM,,134140.0,acute_general,eric_trust_type,True,False,False,False,False,False,0.9381497934689423,0.2244549439289577,5.705400981996727,0.36368300338000964,,24.643909282207154,5,True,full_provider_sensitivity,0.3429325099902836,61.74496644295302,0.01858892451614079,47.5177304964539,0.06335136748743107,58.46153846153847,0.44265382466694514,62.66666666666667,,,-0.046002199837027344,64.61538461538461,5,0.16430488536475465,58.46153846153847,55,
RK9,UNIVERSITY HOSPITALS PLYMOUTH NHS TRUST,1077.3444444444444,979.3777777777776,17576.0,11773.0,5076.0,91414.0,31460.0,ACUTE - TEACHING,84025667.0,180454.0,acute_general,eric_trust_type,True,False,False,False,False,False,0.9090665319045801,0.3301661356395085,4.711585070285992,0.3441485986829151,465.6348266040099,16.314188178752282,6,True,full_provider_sensitivity,0.10094652515205327,39.59731543624161,1.0024022336257694,85.1063829787234,-0.26815298812189337,37.69230769230769,0.265730750870849,48.0,-0.21307362244494762,54.146341463414636,-0.1982984079799948,16.923076923076923,6,0.11492574851697268,48.46153846153846,68,1
RKB,UNIVERSITY HOSPITALS COVENTRY AND WARWICKSHIRE NHS TRUST,1075.388888888889,1060.388888888889,22376.0,17081.0,1381.0,142098.0,57950.0,ACUTE - TEACHING,24777000.0,174807.0,acute_general,eric_trust_type,True,False,False,False,False,False,0.9860515575760707,0.23663746871648195,1.2841865991630934,0.40781714028346633,141.7391752046543,20.807356511856174,6,True,full_provider_sensitivity,0.7414970085868227,92.61744966442953,0.13196698629546016,54.60992907801418,-1.411420577418338,6.923076923076923,0.8423766358493433,90.66666666666666,-0.7797662968624856,14.634146341463413,-0.1161476983486771,45.38461538461539,6,-0.09858232364964574,20.0,105,1
RKE,WHITTINGTON HEALTH NHS TRUST,268.2111111111111,249.13333333333333,9319.0,6943.0,1454.0,43640.0,12476.0,ACUTE - MULTI-SERVICE,184621795.0,84800.0,acute_general,eric_trust_type,True,False,False,False,False,False,0.9288702928870293,0.25496297886039276,5.42110277973404,0.285884509624198,2177.1438089622643,34.74501843489789,6,True,full_provider_sensitivity,0.26572283795429896,52.348993288590606,0.30251544463815,63.12056737588653,-0.031481177686602066,52.307692307692314,-0.2619670156104056,26.0,2.781408082733536,98.53658536585365,0.13868112903876947,90.0,6,0.532479883511291,93.84615384615384,9,1
RKL,WEST LONDON NHS TRUST,69.41111111111111,53.91111111111111,,,,,,MENTAL HEALTH AND LEARNING DISABILITY,45557022.0,125754.0,mental_health,eric_trust_type,False,False,True,False,False,True,0.776692812550024,,,,362.27095758385417,,2,False,full_provider_sensitivity,-1.0004631215556437,8.053691275167784,,,,,,,-0.39392059312858274,42.4390243902439,,,2,,,,
RL1,ROBERT JONES AND AGNES HUNT ORTHOPAEDIC HOSPITAL NHS FOUNDATION TRUST,132.37777777777777,104.67777777777778,0.0,0.0,29.0,47866.0,22800.0,ACUTE - SPECIALIST,15460671.0,37987.0,specialist,eric_trust_type,False,True,False,False,False,True,0.7907503777068995,,0.21907000167869736,0.47632975389629384,406.9989996577777,0.0,5,False,full_provider_sensitivity,-0.883497775650888,10.738255033557047,,,-1.7667085006012717,3.076923076923077,1.4628952737164387,98.66666666666667,-0.31566374196425645,47.3170731707317,-0.4965783825069063,3.076923076923077,5,-0.3999106254013768,10.0,118,
RL4,THE ROYAL WOLVERHAMPTON NHS TRUST,822.0777777777778,778.6,21322.0,17001.0,7107.0,144886.0,57064.0,ACUTE - LARGE,65422316.0,191871.0,acute_general,eric_trust_type,True,False,False,False,False,False,0.9471123305445551,0.20265453522183663,8.645167394271967,0.3938544786935936,340.9703185994757,25.936718612729262,6,True,full_provider_sensitivity,0.41750490126392614,70.46979865771812,-0.18429907516530186,34.751773049645394,1.0439609136413823,90.76923076923077,0.7159168309481786,86.66666666666667,-0.4311885095723782,39.02439024390244,-0.02236515887911312,69.23076923076923,6,0.25658831703944895,67.6923076923077,43,1
RLQ,WYE VALLEY NHS TRUST,298.24444444444447,283.43333333333334,7425.0,4728.0,1567.0,52062.0,18084.0,ACUTE - MULTI-SERVICE,5080077.0,66641.0,acute_general,eric_trust_type,True,False,False,False,False,False,0.9503390209373369,0.36323232323232324,5.254079427762461,0.34735507663939147,76.23050374394141,24.895685865434764,6,True,full_provider_sensitivity,0.44435243522215806,71.81208053691275,1.3101364943878682,93.61702127659575,-0.08719468359308002,47.69230769230769,0.2947718168729066,51.33333333333333,-0.8943812479037365,8.292682926829269,-0.04139885016318853,66.15384615384615,6,0.17104766080382125,59.23076923076923,54,1
RLT,GEORGE ELIOT HOSPITAL NHS TRUST,404.1111111111111,397.4666666666666,9245.0,8409.0,1265.0,38236.0,12696.0,ACUTE - SMALL,17508316.0,60232.0,acute_general,eric_trust_type,True,False,False,False,False,False,0.9835578773714598,0.09042725797728501,3.1303271927412704,0.3320431007427555,290.68129897728784,22.877371459994503,6,True,full_provider_sensitivity,0.7207484533104852,90.60402684563759,-1.2287550803595582,15.602836879432624,-0.7956086945266077,13.846153846153847,0.1560912743362047,40.666666666666664,-0.5191749302001619,34.63414634146341,-0.07830064158828062,57.692307692307686,6,-0.2908332698379864,13.076923076923078,114,1
RLY,NORTH STAFFORDSHIRE COMBINED HEALTHCARE NHS TRUST,0.0,0.0,,,,,,MENTAL HEALTH AND LEARNING DISABILITY,3821493.0,23187.0,mental_health,eric_trust_type,False,False,True,False,False,True,,,,,164.81187734506403,,1,False,full_provider_sensitivity,,,,,,,,,-0.739397952225877,17.560975609756095,,,1,,,,
RM1,NORFOLK AND NORWICH UNIVERSITY HOSPITALS NHS FOUNDATION TRUST,915.5888888888888,902.6,21363.0,17726.0,3831.0,134254.0,48770.0,ACUTE - TEACHING,5050624.0,138235.0,acute_general,eric_trust_type,True,False,False,False,False,False,0.9858136232904142,0.17024762439732244,4.184192323095033,0.36326664382439255,36.53650667341845,23.33252430129971,6,True,full_provider_sensitivity,0.7395172869413004,91.94630872483222,-0.4858977011989903,22.69503546099291,-0.4440738913298286,22.30769230769231,0.43888285680145867,62.0,-0.9638304586635367,4.390243902439024,-0.06997886814648674,60.76923076923077,6,-0.13089679593268055,17.692307692307693,108,1
RM3,NORTHERN CARE ALLIANCE NHS FOUNDATION TRUST,1532.7444444444443,1430.4333333333334,36311.0,26728.0,10772.0,258442.0,105884.0,ACUTE - TEACHING,120761671.0,303182.0,acute_general,eric_trust_type,True,False,False,False,False,False,0.9332497263441758,0.2639145162622897,7.027916518662965,0.40970120955572237,398.31411825240286,23.69018536104446,6,True,full_provider_sensitivity,0.30216171932995933,54.36241610738255,0.3858239523796235,66.66666666666666,0.504499124933953,80.76923076923077,0.8594406483985402,92.0,-0.33085894032319557,46.34146341463415,-0.0634395827943123,62.30769230769231,6,0.27627115365409466,71.53846153846153,38,1
RMC,BOLTON NHS FOUNDATION TRUST,597.7888888888889,528.4888888888889,12240.0,8336.0,3827.0,75698.0,28670.0,ACUTE - MEDIUM,129030817.0,92088.0,acute_general,eric_trust_type,True,False,False,False,False,False,0.8840727867511757,0.31895424836601305,6.401925614765525,0.37874184258500887,1401.1686321779168,20.475455846545604,6,True,full_provider_sensitivity,-0.10701282020395389,24.832214765100673,0.8980575210043833,81.56028368794325,0.2956891141779359,74.61538461538461,0.5790417085703585,74.66666666666667,1.4237503114306558,92.6829268292683,-0.12221599429509994,43.84615384615385,6,0.4945516401140467,91.53846153846153,12,1
RMP,TAMESIDE AND GLOSSOP INTEGRATED CARE NHS FOUNDATION TRUST,449.76666666666665,421.3888888888889,11912.0,8204.0,2041.0,32802.0,7730.0,ACUTE - SMALL,60615902.0,99736.0,acute_general,eric_trust_type,True,False,False,False,False,False,0.9369055559672917,0.3112827400940228,4.537908545171571,0.2356563624169258,607.7635156813989,26.484843993181652,6,True,full_provider_sensitivity,0.3325798871751547,59.06040268456376,0.826661750917957,80.1418439716312,-0.32608577412792045,33.84615384615385,-0.716883268897363,16.666666666666664,0.03559685700343596,67.31707317073172,-0.012343524782000674,73.84615384615385,6,0.02325432121487726,34.61538461538461,86,1
RMY,NORFOLK AND SUFFOLK NHS FOUNDATION TRUST,0.0,0.0,,,,,,MENTAL HEALTH AND LEARNING DISABILITY,27095568.0,82576.0,mental_health,eric_trust_type,False,False,True,False,False,True,,,,,328.12885099786865,,1,False,full_provider_sensitivity,,,,,,,,,-0.45365613328748733,38.048780487804876,,,1,,,,
RN3,GREAT WESTERN HOSPITALS NHS FOUNDATION TRUST,584.8777777777777,564.5666666666667,12222.0,8419.0,4039.0,85340.0,36088.0,ACUTE - MEDIUM,8182213.0,75763.0,acute_general,eric_trust_type,True,False,False,False,False,False,0.9652728965215907,0.31116020291278024,6.905716294002546,0.422873213030232,107.997478980505,20.89667356902677,6,True,full_provider_sensitivity,0.5686090830781698,79.86577181208054,0.8255213446107678,79.43262411347519,0.46373714250439607,80.0,0.9787394639447197,93.33333333333333,-0.8388012730655819,10.24390243902439,-0.11451467258939585,46.92307692307692,6,0.3138818480805126,73.84615384615385,35,1
RN5,HAMPSHIRE HOSPITALS NHS FOUNDATION TRUST,858.9555555555555,775.6111111111111,15327.0,9636.0,5091.0,97036.0,34478.0,ACUTE - LARGE,111459810.0,136141.0,acute_general,eric_trust_type,True,False,False,False,False,False,0.9029700152640158,0.3713055392444705,5.926965565415363,0.3553114308091842,818.7086182707634,17.84376374408196,6,True,full_provider_sensitivity,0.050220729488290115,34.899328859060404,1.3852708035517929,95.0354609929078,0.13725803731082784,66.92307692307692,0.366832504554855,56.00000000000001,0.4046695624416996,77.5609756097561,-0.17033245860730484,28.46153846153846,6,0.3623198631233601,78.46153846153847,29,1
RN7,DARTFORD AND GRAVESHAM NHS TRUST,556.1555555555556,523.4888888888889,16297.0,13327.0,4353.0,59142.0,22880.0,ACUTE - SMALL,0.0,76026.0,acute_general,eric_trust_type,True,False,False,False,False,False,0.9412634354896712,0.18224213045345772,7.826946897350861,0.3868655101281661,0.0,29.302952810964157,6,True,full_provider_sensitivity,0.36883942999484826,65.1006711409396,-0.3742694572706403,24.822695035460992,0.771029422625849,87.6923076923077,0.6526177532218104,83.33333333333334,-1.027755277015312,0.7317073170731708,0.03918128400235643,81.53846153846153,6,0.07160719259315192,39.23076923076923,80,1
RNA,THE DUDLEY GROUP NHS FOUNDATION TRUST,0.0,0.0,15238.0,13015.0,6431.0,91326.0,32858.0,ACUTE - MEDIUM,0.0,94350.0,acute_general,eric_trust_type,True,False,False,False,False,False,,0.14588528678304236,,0.35978801217616013,0.0,,3,False,full_provider_sensitivity,,,-0.7126285855842306,19.858156028368796,,,0.407376895224795,60.66666666666667,-1.027755277015312,0.7317073170731708,,,3,,,,
RNK,TAVISTOCK AND PORTMAN NHS FOUNDATION TRUST,,,,,,,,MENTAL HEALTH AND LEARNING DISABILITY,9707658.0,9434.0,mental_health,eric_trust_type,False,False,True,False,False,True,,,,,1029.0076319694722,,1,False,full_provider_sensitivity,,,,,,,,,0.7726118610968672,84.39024390243902,,,1,,,,
RNN,NORTH CUMBRIA INTEGRATED CARE NHS FOUNDATION TRUST,611.0333333333333,538.5777777777778,11172.0,6996.0,2570.0,70604.0,25224.0,ACUTE - MEDIUM,16258887.0,144796.0,acute_general,eric_trust_type,True,False,False,False,False,False,0.8814212717982289,0.3737916219119226,4.20598985325405,0.35726021188601215,112.2882331003619,18.2837815722001,6,True,full_provider_sensitivity,-0.12907463248667111,22.818791946308725,1.4084078165417053,96.45390070921985,-0.4368029510036658,23.846153846153847,0.38448261182018406,57.333333333333336,-0.8312941055042251,10.731707317073171,-0.16228740572913566,29.230769230769234,6,0.038905222273031954,36.15384615384615,84,1
RNQ,KETTERING GENERAL HOSPITAL NHS FOUNDATION TRUST,526.5222222222222,512.7222222222222,21057.0,16887.0,2309.0,47344.0,16914.0,ACUTE - SMALL,53839504.0,83729.0,acute_general,eric_trust_type,True,False,False,False,False,False,0.9737902800346085,0.19803390796409748,4.385379956528162,0.3572575194322406,643.0209843662292,39.99261400806128,6,True,full_provider_sensitivity,0.6394775939252523,86.57718120805369,-0.22730147178046362,30.49645390070922,-0.3769643029323077,28.46153846153846,0.38445822627044746,56.666666666666664,0.09728385136682753,69.7560975609756,0.2346253866837381,96.15384615384616,6,0.125263213922249,50.76923076923077,65,1
RNS,NORTHAMPTON GENERAL HOSPITAL NHS TRUST,708.2444444444444,638.7555555555556,13882.0,10414.0,3130.0,79548.0,30928.0,ACUTE - MEDIUM,41393653.0,111131.0,acute_general,eric_trust_type,True,False,False,False,False,False,0.901885726836309,0.2498199106756951,4.419378118038343,0.3887967013626992,372.47620375952704,19.600577327350884,6,True,full_provider_sensitivity,0.041198955831760385,33.557046979865774,0.25465089171911537,59.57446808510638,-0.36562363260239383,29.230769230769234,0.6701085493120795,85.33333333333334,-0.37606534183578033,43.41463414634146,-0.1382118096896666,37.69230769230769,6,0.014342935455852418,33.07692307692307,88,1
RNU,OXFORD HEALTH NHS FOUNDATION TRUST,109.37777777777778,2.022222222222222,4189.0,4005.0,0.0,,,MENTAL HEALTH AND LEARNING DISABILITY,14661361.0,80047.0,mental_health,eric_trust_type,False,False,True,False,False,True,0.018488419341731004,0.04392456433516356,0.0,,183.1594063487701,38.2984559122308,5,False,full_provider_sensitivity,-7.309069066358138,0.6711409395973155,-1.6615377230889619,13.47517730496454,-1.8397830598673022,1.153846153846154,,,-0.7072968411577207,18.536585365853657,0.20365029750786195,94.61538461538461,5,-2.2628072785928524,0.7692307692307693,130,
RNZ,SALISBURY NHS FOUNDATION TRUST,448.3555555555556,419.9,7533.0,5218.0,2416.0,60718.0,17216.0,ACUTE - SMALL,81960949.0,92810.0,acute_general,eric_trust_type,True,False,False,False,False,False,0.936533505154639,0.30731448294172303,5.388580491673275,0.2835403010639349,883.1047193190388,16.801397700237903,6,True,full_provider_sensitivity,0.32948425492942435,58.38926174496645,0.7897307113825061,78.01418439716312,-0.04232954509497477,51.53846153846153,-0.28319850899512855,24.666666666666668,0.5173379436547418,80.0,-0.18939052717920374,20.0,6,0.1869390547828942,61.53846153846154,51,1
RP1,NORTHAMPTONSHIRE HEALTHCARE NHS FOUNDATION TRUST,224.67777777777772,194.92222222222225,,,,,,MENTAL HEALTH AND LEARNING DISABILITY,2508037.0,77724.0,mental_health,eric_trust_type,False,False,True,False,False,True,0.8675634241629991,,,,32.26850136380011,,2,False,full_provider_sensitivity,-0.24437823763178257,18.79194630872483,,,,,,,-0.9712978245663709,3.902439024390244,,,2,,,,
RP4,GREAT ORMOND STREET HOSPITAL FOR CHILDREN NHS FOUNDATION TRUST,216.85555555555555,174.3111111111111,,,,17094.0,4450.0,ACUTE - SPECIALIST,13888676.0,105003.0,specialist,eric_trust_type,False,True,False,False,False,True,0.8038120612799098,,,0.2603252603252603,132.2693256383151,,3,False,full_provider_sensitivity,-0.774818618188944,13.422818791946309,,,,,-0.49345709785290914,20.0,-0.7963348872523077,13.170731707317074,,,3,,,,
RP5,DONCASTER AND BASSETLAW TEACHING HOSPITALS NHS FOUNDATION TRUST,754.7777777777778,722.8222222222222,18713.0,14494.0,5750.0,104474.0,39858.0,ACUTE - TEACHING,151328533.0,151398.0,acute_general,eric_trust_type,True,False,False,False,False,False,0.9576622994258794,0.22545823758884198,7.618136316796702,0.3815111893868331,999.5411630272527,24.792727808037686,6,True,full_provider_sensitivity,0.5052854483016163,73.15436241610739,0.027926191834459584,48.226950354609926,0.7013770693727613,86.92307692307692,0.6041236783658857,79.33333333333333,0.7210568864673408,83.41463414634146,-0.043281280744548276,65.38461538461539,6,0.41941466559958585,83.84615384615385,22,1
RP6,MOORFIELDS EYE HOSPITAL NHS FOUNDATION TRUST,9.88888888888889,2.7222222222222223,6316.0,6158.0,271.0,75538.0,10726.0,ACUTE - SPECIALIST,5902474.0,49125.0,specialist,eric_trust_type,False,True,False,False,False,True,0.2752808988764045,0.02501583280557318,27.40449438202247,0.1419947576054436,120.15214249363868,638.6966292134831,6,False,full_provider_sensitivity,-5.1724386570854115,1.342281879194631,-1.8375139980337007,9.219858156028367,7.301456423080272,100.0,-1.5651762820132082,10.0,-0.8175352920524243,11.707317073170733,11.181012448543097,100.0,6,1.5149674404064373,100.0,1,2
RP7,LINCOLNSHIRE PARTNERSHIP NHS FOUNDATION TRUST,0.0,0.0,,,,14.0,0.0,MENTAL HEALTH AND LEARNING DISABILITY,5975824.0,42990.0,mental_health,eric_trust_type,False,False,True,False,False,True,,,,0.0,139.00497790183763,,2,False,full_provider_sensitivity,,,,,,,-2.851222586880805,1.3333333333333335,-0.7845500893438734,14.146341463414632,,,2,,,,
RPA,MEDWAY NHS FOUNDATION TRUST,595.7444444444444,521.9333333333333,17718.0,13534.0,2229.0,68196.0,25894.0,ACUTE - MEDIUM,107759760.0,102547.0,acute_general,eric_trust_type,True,False,False,False,False,False,0.8761027286121938,0.23614403431538544,3.7415371990226984,0.37969968913132734,1050.8328863838044,29.740940373389037,6,True,full_provider_sensitivity,-0.1733273346098204,20.80536912751678,0.12737478254563875,53.90070921985816,-0.5917291058757156,18.461538461538463,0.5877169232916366,76.66666666666667,0.8107976525407029,84.8780487804878,0.04718921657808505,83.07692307692308,6,0.1346703557450879,52.307692307692314,63,1
RPC,QUEEN VICTORIA HOSPITAL NHS FOUNDATION TRUST,51.17777777777778,27.95555555555556,1372.0,1354.0,531.0,41682.0,15902.0,ACUTE - SPECIALIST,21296300.0,27007.0,specialist,eric_trust_type,False,True,False,False,False,True,0.5462440295267044,0.013119533527696792,10.37559704732957,0.3815076052012859,788.5474136335024,26.80851063829787,6,False,full_provider_sensitivity,-2.9179019752158135,2.684563758389262,-1.9482282693359505,4.25531914893617,1.6211754262130986,96.92307692307692,0.6040912164028058,78.66666666666666,0.35189906785278063,76.09756097560975,-0.0064257752989944975,74.61538461538461,6,-0.38256505156367887,10.76923076923077,117,1
RPG,OXLEAS NHS FOUNDATION TRUST,0.0,0.0,,,,4158.0,1840.0,MENTAL HEALTH AND LEARNING DISABILITY,34081039.0,69686.0,mental_health,eric_trust_type,False,False,True,False,False,True,,,,0.44252044252044254,489.06579513819133,,2,False,full_provider_sensitivity,,,,,,,1.1566843917214213,96.0,-0.17207844956917226,57.56097560975609,,,2,,,,
RPY,THE ROYAL MARSDEN NHS FOUNDATION TRUST,214.2888888888889,189.2111111111111,,,,3924.0,208.0,ACUTE - SPECIALIST,42705812.0,92452.0,specialist,eric_trust_type,False,True,False,False,False,True,0.882972104116976,,,0.053007135575942915,461.92415523731233,,3,False,full_provider_sensitivity,-0.11617100112674048,24.161073825503358,,,,,-2.3711370401419747,6.666666666666667,-0.21956586854826352,53.170731707317074,,,3,,,,
RQ3,BIRMINGHAM WOMEN'S AND CHILDREN'S NHS FOUNDATION TRUST,0.0,0.0,5150.0,3944.0,853.0,43682.0,16556.0,ACUTE - SPECIALIST,72198755.0,91435.0,specialist,eric_trust_type,False,True,False,False,False,True,,0.23417475728155335,,0.37901195000228927,789.6183627713676,,3,False,full_provider_sensitivity,,,0.10904748035692849,53.191489361702125,,,0.5814880710401337,75.33333333333333,0.3537728164766969,76.58536585365854,,,3,,,,
RQM,CHELSEA AND WESTMINSTER HOSPITAL NHS FOUNDATION TRUST,786.1666666666666,785.4555555555555,28011.0,22149.0,3387.0,151290.0,51444.0,ACUTE - TEACHING,22691320.0,139289.0,acute_general,eric_trust_type,True,False,False,False,False,False,0.9990954702847855,0.2092749277069723,4.308246767012932,0.3400356930398572,162.90819806302005,35.62984948060208,6,True,full_provider_sensitivity,0.8500283043624685,100.0,-0.12268563449726154,39.00709219858156,-0.40269340224037026,27.692307692307693,0.2284801706823808,47.333333333333336,-0.7427286579606218,17.073170731707318,0.15485891115587225,91.53846153846153,6,-0.0057900514162553636,30.76923076923077,91,1
RQW,THE PRINCESS ALEXANDRA HOSPITAL NHS TRUST,451.0,432.4,11667.0,9297.0,2230.0,79524.0,28538.0,ACUTE - SMALL,64961843.0,61677.0,acute_general,eric_trust_type,True,False,False,False,False,False,0.9587583148558758,0.20313705322705067,4.9445676274944566,0.3588602182988783,1053.2587998767774,25.86917960088692,6,True,full_provider_sensitivity,0.5144047959593275,74.49664429530202,-0.1798084661036388,35.46099290780142,-0.1904376571581796,42.30769230769231,0.3989738674815277,59.333333333333336,0.8150420670590794,85.36585365853658,-0.023600006394121208,68.46153846153847,6,0.22242910014066583,64.61538461538461,47,1
RQX,HOMERTON HEALTHCARE NHS FOUNDATION TRUST,279.3,247.7555555555556,11459.0,9751.0,2356.0,52564.0,12322.0,ACUTE - TEACHING,131983340.0,69412.0,acute_general,eric_trust_type,True,False,False,False,False,False,0.8870589171341052,0.14905314599877828,8.435374149659864,0.23441899398828095,1901.4484527171094,41.02756892230576,6,True,full_provider_sensitivity,-0.08216685511267917,26.174496644295303,-0.6831465410873703,20.56737588652482,0.9739807759249244,89.23076923076924,-0.7280901128840985,16.0,2.299047365385005,96.58536585365853,0.2535479540879444,97.6923076923077,6,0.3388620977189543,75.38461538461539,33,1
RQY,SOUTH WEST LONDON AND ST GEORGE'S MENTAL HEALTH NHS TRUST,0.0,0.0,,,,,,MENTAL HEALTH AND LEARNING DISABILITY,11346432.0,72186.0,mental_health,eric_trust_type,False,False,True,False,False,True,,,,,157.18327653561633,,1,False,full_provider_sensitivity,,,,,,,,,-0.7527450662611916,16.097560975609756,,,1,,,,
RR7,GATESHEAD HEALTH NHS FOUNDATION TRUST,449.74444444444447,435.7111111111111,10723.0,8054.0,1888.0,23144.0,5204.0,ACUTE - MEDIUM,73892580.0,93000.0,acute_general,eric_trust_type,True,False,False,False,False,False,0.9687970946463423,0.24890422456402128,4.197939570620352,0.22485309367438644,794.5438709677419,23.842429033772266,6,True,full_provider_sensitivity,0.5979320168934089,82.5503355704698,0.24612895407888702,58.156028368794324,-0.4394882609544426,23.076923076923077,-0.8147284575587628,14.000000000000002,0.3623905592608607,77.07317073170732,-0.0606560401303704,63.84615384615384,6,-0.018070204735069855,29.230769230769234,93,1
RR8,LEEDS TEACHING HOSPITALS NHS TRUST,1788.611111111111,1721.7222222222222,31367.0,24649.0,5114.0,170248.0,55796.0,ACUTE - TEACHING,254203507.0,429104.0,acute_general,eric_trust_type,True,False,False,False,False,False,0.9626028886473055,0.21417413204960623,2.859201739400528,0.3277336591325596,592.4053539468288,17.53707097375369,6,True,full_provider_sensitivity,0.5463934012656305,77.18120805369128,-0.07709062834570503,41.13475177304964,-0.8860472431953368,10.0,0.11706066819062498,38.666666666666664,0.008725987604916028,66.82926829268293,-0.17593986675527812,25.384615384615383,6,-0.07781628020585805,23.076923076923077,101,1
RRE,MIDLANDS PARTNERSHIP UNIVERSITY NHS FOUNDATION TRUST,179.0,171.8,,,,17906.0,1286.0,MENTAL HEALTH AND LEARNING DISABILITY,48336849.0,113400.0,mental_health,eric_trust_type,False,False,True,False,False,True,0.9597765363128492,,,0.07181950184295767,426.250873015873,,3,False,full_provider_sensitivity,0.5228768623231307,76.51006711409396,,,,,-2.2007534673150393,8.0,-0.28198037649234664,49.26829268292683,,,3,,,,
RRF,"WRIGHTINGTON, WIGAN AND LEIGH NHS FOUNDATION TRUST",422.56666666666666,349.9,13504.0,10540.0,2899.0,88748.0,34428.0,ACUTE - MEDIUM,65941034.0,132677.0,acute_general,eric_trust_type,True,False,False,False,False,False,0.82803502405932,0.2194905213270142,6.860455943835293,0.3879298688421148,497.0042584622806,31.957087639031318,6,True,full_provider_sensitivity,-0.573272533307666,14.76510067114094,-0.02761304283287756,46.808510638297875,0.44863977583915515,79.23076923076923,0.6622576484842171,84.0,-0.15818919544532817,58.536585365853654,0.0877080792208856,86.92307692307692,6,0.07325512199306435,40.0,79,1
RRJ,ROYAL ORTHOPAEDIC HOSPITAL NHS FOUNDATION TRUST,107.8,80.43333333333334,,,,25182.0,8670.0,ACUTE - SPECIALIST,7051500.0,25453.0,specialist,eric_trust_type,False,True,False,False,False,True,0.7461348175633891,,,0.3442935430069097,277.0400345735277,,3,False,full_provider_sensitivity,-1.2547195602689576,6.0402684563758395,,,,,0.2670435113940419,49.333333333333336,-0.5430418903584883,31.70731707317073,,,3,,,,
RRK,UNIVERSITY HOSPITALS BIRMINGHAM NHS FOUNDATION TRUST,2769.0,2682.3888888888887,38379.0,24693.0,18396.0,179088.0,56230.0,ACUTE - TEACHING,440556166.0,440007.0,acute_general,eric_trust_type,True,False,False,False,False,False,0.9687211588620038,0.35660126631751743,6.643553629469123,0.31397971946752434,1001.2480846895618,13.860238353196099,6,True,full_provider_sensitivity,0.5973001965758372,81.87919463087249,1.2484238039840736,92.19858156028369,0.37628828588327995,77.6923076923077,-0.007508742552975194,34.0,0.724043342128774,83.90243902439025,-0.24316512665684153,10.0,6,0.4492302932270246,86.15384615384616,19,1
RRU,LONDON AMBULANCE SERVICE NHS TRUST,,,,,,,,AMBULANCE,14672666.0,74548.0,ambulance,eric_trust_type,False,False,False,False,True,True,,,,,196.82172559961367,,1,False,full_provider_sensitivity,,,,,,,,,-0.6833930431241354,20.0,,,1,,,,
RRV,UNIVERSITY COLLEGE LONDON HOSPITALS NHS FOUNDATION TRUST,855.2777777777778,678.1222222222223,14539.0,11756.0,1862.0,149336.0,54882.0,ACUTE - TEACHING,253036343.0,212704.0,acute_general,eric_trust_type,True,False,False,False,False,False,0.7928678142253979,0.19141619093472728,2.177070477427736,0.3675068302351744,1189.617228636979,16.999155569990254,6,True,full_provider_sensitivity,-0.8658797392374917,12.080536912751679,-0.28889001301309475,26.24113475177305,-1.1135838340031967,9.230769230769232,0.47728621871069243,65.33333333333333,1.0536168127824044,89.26829268292683,-0.18577482704715223,22.30769230769231,6,-0.15387089696797307,16.923076923076923,109,1
RT1,CAMBRIDGESHIRE AND PETERBOROUGH NHS FOUNDATION TRUST,96.05555555555556,85.57777777777778,,,,392.0,246.0,MENTAL HEALTH AND LEARNING DISABILITY,7047566.0,60565.0,mental_health,eric_trust_type,False,False,True,False,False,True,0.8909196067090804,,,0.6275510204081632,116.36367539007678,,3,False,full_provider_sensitivity,-0.05004415914587452,29.53020134228188,,,,,2.83250605579458,100.0,-0.8241636507401219,11.219512195121952,,,3,,,,
RT2,PENNINE CARE NHS FOUNDATION TRUST,0.0,0.0,,,,,,MENTAL HEALTH AND LEARNING DISABILITY,29619315.0,71744.0,mental_health,eric_trust_type,False,False,True,False,False,True,,,,,412.84727642729706,,1,False,full_provider_sensitivity,,,,,,,,,-0.30543150948773395,47.80487804878049,,,1,,,,
RT5,LEICESTERSHIRE PARTNERSHIP NHS TRUST,,,,,,,,MENTAL HEALTH AND LEARNING DISABILITY,21931004.0,99369.0,mental_health,eric_trust_type,False,False,True,False,False,True,,,,,220.70267387213315,,1,False,full_provider_sensitivity,,,,,,,,,-0.6416105789702871,23.414634146341466,,,1,,,,
RTD,THE NEWCASTLE UPON TYNE HOSPITALS NHS FOUNDATION TRUST,1454.7777777777778,1256.1333333333334,24132.0,19262.0,7041.0,162602.0,44680.0,ACUTE - TEACHING,182163927.0,294937.0,acute_general,eric_trust_type,True,False,False,False,False,False,0.8634537539143053,0.20180672965357205,4.839914458107385,0.2747813680028536,617.636739371459,16.58810051172382,6,True,full_provider_sensitivity,-0.27857256622487103,18.120805369127517,-0.1921892747562757,34.04255319148936,-0.22534651811655845,41.53846153846154,-0.3625281524815895,23.333333333333332,0.05287119679117269,68.29268292682927,-0.1932903399838338,18.461538461538463,6,-0.19984260912865928,16.153846153846153,110,1
RTE,GLOUCESTERSHIRE HOSPITALS NHS FOUNDATION TRUST,806.5222222222222,741.9666666666667,14347.0,9264.0,5998.0,135224.0,34488.0,ACUTE - LARGE,82984018.0,173114.0,acute_general,eric_trust_type,True,False,False,False,False,False,0.9199581192224503,0.3542900954903464,7.436868860815298,0.2550434834053127,479.360525434107,17.788722498519018,6,True,full_provider_sensitivity,0.19156949320306446,44.966442953020135,1.2269146280623549,90.0709219858156,0.6409121980822449,85.38461538461539,-0.5412941434282679,19.333333333333332,-0.18905893455187991,56.09756097560976,-0.1713388035841163,27.692307692307693,6,0.19295073963056672,63.07692307692307,49,1
RTF,NORTHUMBRIA HEALTHCARE NHS FOUNDATION TRUST,874.6666666666666,784.0333333333333,25283.0,23044.0,5105.0,74430.0,12838.0,ACUTE - LARGE,66900833.0,185149.0,acute_general,eric_trust_type,True,False,False,False,False,False,0.8963795731707317,0.08855752877427525,5.836509146341464,0.17248421335483005,361.3351030791417,28.905868902439025,6,True,full_provider_sensitivity,-0.004614750945475548,31.543624161073826,-1.246155929262942,14.893617021276595,0.10708474609817124,63.84615384615384,-1.289033327405852,11.333333333333332,-0.39555797816246613,41.951219512195124,0.031921212166591835,79.23076923076923,6,-0.4660593379186621,7.6923076923076925,121,1
RTG,UNIVERSITY HOSPITALS OF DERBY AND BURTON NHS FOUNDATION TRUST,1472.2111111111112,1393.8777777777775,32146.0,22712.0,6150.0,186544.0,71166.0,ACUTE - TEACHING,82822254.0,298509.0,acute_general,eric_trust_type,True,False,False,False,False,False,0.9467920512607639,0.2934735270329123,4.177390018037872,0.381497126683249,277.4531220164216,21.835183661763484,6,True,full_provider_sensitivity,0.41484003172238665,69.79865771812081,0.6609182704900392,74.46808510638297,-0.4463429169391596,21.53846153846154,0.603996312480794,78.0,-0.5423191463921199,32.19512195121951,-0.09735545121181295,53.07692307692308,6,0.09895618335835454,44.61538461538462,73,1
RTH,OXFORD UNIVERSITY HOSPITALS NHS FOUNDATION TRUST,1026.1333333333334,931.6333333333332,19463.0,15612.0,9963.0,176426.0,65270.0,ACUTE - TEACHING,265295884.0,306209.0,acute_general,eric_trust_type,True,False,False,False,False,False,0.9079067047817045,0.19786261110825665,9.709264553014552,0.369956809087096,866.3882642247615,18.967320686070686,6,True,full_provider_sensitivity,0.09129623514073472,37.58389261744966,-0.22889566558206487,29.78723404255319,1.3989087855339264,94.61538461538461,0.4994756734669908,66.66666666666666,0.48809058388554083,79.51219512195122,-0.14978993866307538,33.84615384615385,6,0.3498476122970087,76.92307692307693,31,1
RTK,ASHFORD AND ST. PETER'S HOSPITALS NHS FOUNDATION TRUST,473.22222222222223,435.4555555555556,10646.0,7244.0,2984.0,101864.0,38806.0,ACUTE - MEDIUM,93392403.0,83738.0,acute_general,eric_trust_type,True,False,False,False,False,False,0.9201925334585583,0.3195566409919218,6.305705564686546,0.3809589256263253,1115.2929733215506,22.496830241840808,6,True,full_provider_sensitivity,0.1935199264328166,45.63758389261745,0.9036637569486462,82.97872340425532,0.26359326491424145,73.07692307692307,0.5991218263222569,77.33333333333333,0.9235779844226488,86.34146341463415,-0.08525825563647196,55.38461538461539,6,0.4663697505673563,88.46153846153845,16,1
RTP,SURREY AND SUSSEX HEALTHCARE NHS TRUST,660.1888888888889,616.9111111111112,10583.0,5805.0,3923.0,94538.0,31166.0,ACUTE - MEDIUM,96084250.0,100469.0,acute_general,eric_trust_type,True,False,False,False,False,False,0.9344463705673461,0.45147878673344044,5.942238753218776,0.3296663775413061,956.3571848032726,16.030260699799722,6,True,full_provider_sensitivity,0.3121183443874352,55.033557046979865,2.1314123107836744,98.58156028368793,0.14235267125782833,67.6923076923077,0.13456529589543526,39.33333333333333,0.6455015525009624,82.4390243902439,-0.20348958759993815,15.384615384615385,6,0.5270767645375661,92.3076923076923,11,1
RTQ,GLOUCESTERSHIRE HEALTH AND CARE NHS FOUNDATION TRUST,0.0,0.0,8390.0,8167.0,34.0,,,MENTAL HEALTH AND LEARNING DISABILITY,16185868.0,68756.0,mental_health,eric_trust_type,False,False,True,False,False,True,,0.026579261025029832,,,235.41026237710165,,2,False,full_provider_sensitivity,,,-1.8229637743038372,9.929078014184398,,,,,-0.6158779622213305,26.82926829268293,,,2,,,,
RTR,SOUTH TEES HOSPITALS NHS FOUNDATION TRUST,956.2333333333332,849.1666666666666,19913.0,15939.0,5530.0,108528.0,37758.0,ACUTE - TEACHING,39349501.0,183210.0,acute_general,eric_trust_type,True,False,False,False,False,False,0.8880329068916234,0.1995681213277758,5.783107330846725,0.3479102167182663,214.7781289230937,20.824415240352774,6,True,full_provider_sensitivity,-0.07406281663770316,28.187919463087248,-0.21302313945087045,32.62411347517731,0.08927165392954434,63.07692307692307,0.2997997197276348,52.0,-0.6519762513940223,22.439024390243905,-0.11583580559338484,46.15384615384615,6,-0.11097110656980025,19.230769230769234,106,1
RTX,UNIVERSITY HOSPITALS OF MORECAMBE BAY NHS FOUNDATION TRUST,0.0,0.0,13552.0,9529.0,3996.0,67882.0,19326.0,ACUTE - TEACHING,42697369.0,136574.0,acute_general,eric_trust_type,True,False,False,False,False,False,,0.29685655253837073,,0.284699920450193,312.63175274942523,,3,False,full_provider_sensitivity,,,0.6924027846977733,75.88652482269504,,,-0.27269583796769575,25.333333333333336,-0.48077008808799077,36.09756097560975,,,3,,,,
RV3,CENTRAL AND NORTH WEST LONDON NHS FOUNDATION TRUST,73.35555555555555,68.4,,,,,,MENTAL HEALTH AND LEARNING DISABILITY,45292485.0,118343.0,mental_health,eric_trust_type,False,False,True,False,False,True,0.9324447137231143,,,,382.7221297415141,,2,False,full_provider_sensitivity,0.2954636476063439,53.691275167785236,,,,,,,-0.35813891654562613,44.87804878048781,,,2,,,,
RV5,SOUTH LONDON AND MAUDSLEY NHS FOUNDATION TRUST,,,,,,,,MENTAL HEALTH AND LEARNING DISABILITY,172970399.0,93721.0,mental_health,eric_trust_type,False,False,True,False,False,True,,,,,1845.5884913733314,,1,False,full_provider_sensitivity,,,,,,,,,2.2013139418271344,96.09756097560975,,,1,,,,
RV9,HUMBER TEACHING NHS FOUNDATION TRUST,0.0,0.0,1284.0,1279.0,0.0,,,MENTAL HEALTH AND LEARNING DISABILITY,30285136.0,46790.0,mental_health,eric_trust_type,False,False,True,False,False,True,,0.003894080996884708,,,647.2565932891644,,2,False,full_provider_sensitivity,,,-2.034085999586722,1.4184397163120568,,,,,0.10469453606714609,70.24390243902438,,,2,,,,
RVJ,NORTH BRISTOL NHS TRUST,993.2333333333332,958.9777777777778,9545.0,6159.0,5673.0,78974.0,23136.0,ACUTE - LARGE,42476944.0,176394.0,acute_general,eric_trust_type,True,False,False,False,False,False,0.965511069347026,0.3547407019381875,5.711648823707085,0.2929571757793704,240.80719298842365,9.610027855153204,6,True,full_provider_sensitivity,0.5705907894833175,80.53691275167785,1.2311082485615972,91.48936170212765,0.06543544233040288,59.23076923076923,-0.19790988894030856,28.000000000000004,-0.606435411731497,27.80487804878049,-0.3208737239342333,6.153846153846154,6,0.12365257596154645,50.0,66,1
RVN,AVON AND WILTSHIRE MENTAL HEALTH PARTNERSHIP NHS TRUST,0.0,0.0,,,,,,MENTAL HEALTH AND LEARNING DISABILITY,20292211.0,77163.0,mental_health,eric_trust_type,False,False,True,False,False,True,,,,,262.97851301789717,,1,False,full_provider_sensitivity,,,,,,,,,-0.5676441387132063,30.24390243902439,,,1,,,,
RVR,EPSOM AND ST HELIER UNIVERSITY HOSPITALS NHS TRUST,707.2555555555556,605.3888888888889,14046.0,10547.0,2291.0,116458.0,38988.0,ACUTE - TEACHING,142100648.0,83159.0,acute_general,eric_trust_type,True,False,False,False,False,False,0.8559690823684665,0.24911006692296744,3.239281730633277,0.3347816380154219,1708.7825490927019,19.8598652066674,6,True,full_provider_sensitivity,-0.34084844306221557,16.778523489932887,0.2480446495604426,58.86524822695035,-0.7592650382729791,14.615384615384617,0.1808942022727482,42.0,1.9619562197574654,94.14634146341463,-0.1334711274571056,40.76923076923077,6,0.19288507713305933,62.30769230769231,50,1
RVV,EAST KENT HOSPITALS UNIVERSITY NHS FOUNDATION TRUST,1045.9888888888888,968.5444444444444,28333.0,21058.0,4223.0,158432.0,68948.0,ACUTE - TEACHING,239886177.0,180953.0,acute_general,eric_trust_type,True,False,False,False,False,False,0.9259605477007404,0.2567677266791374,4.037327781259627,0.43518986063421533,1325.6822324028892,27.08728582202913,6,True,full_provider_sensitivity,0.24151243249567572,49.664429530201346,0.3193115368487945,64.53900709219859,-0.4930630801014165,20.0,1.0902913226652549,94.66666666666667,1.2916781777485704,91.70731707317074,-0.001328797515546211,75.38461538461539,6,0.4080669320235555,83.07692307692308,23,1
RVW,NORTH TEES AND HARTLEPOOL NHS FOUNDATION TRUST,534.0444444444445,500.3555555555556,17130.0,14765.0,4773.0,43068.0,12644.0,ACUTE - MEDIUM,155282354.0,118779.0,acute_general,eric_trust_type,True,False,False,False,False,False,0.9369174434087884,0.13806187974314066,8.937458388814912,0.29358224203585026,1307.3216140900327,32.07598202396804,6,True,full_provider_sensitivity,0.33267879610362533,59.73154362416108,-0.7854380189459497,19.148936170212767,1.141459591872015,92.3076923076923,-0.1922486648007738,28.666666666666668,1.2595541654294193,90.73170731707317,0.0898818811730113,87.6923076923077,6,0.30764795847189125,73.07692307692307,36,1
RW1,HAMPSHIRE AND ISLE OF WIGHT HEALTHCARE NHS FOUNDATION TRUST,185.94444444444449,174.9777777777778,3154.0,3132.0,142.0,8728.0,826.0,MENTAL HEALTH AND LEARNING DISABILITY,41059318.0,153210.0,mental_health,eric_trust_type,False,False,True,False,False,True,0.9410218105766357,0.0069752694990488084,0.7636689572751716,0.09463794683776353,267.99372103648585,16.962055572154163,6,False,full_provider_sensitivity,0.3668290006482997,64.42953020134227,-2.005410566009124,2.127659574468085,-1.5850481712453572,4.615384615384616,-1.9940868455096326,8.666666666666668,-0.5588694557789483,31.21951219512195,-0.18645314375456343,21.53846153846154,6,-0.9938398636082209,2.307692307692308,128,1
RW4,MERSEY CARE NHS FOUNDATION TRUST,0.0,0.0,14145.0,13650.0,35.0,106.0,0.0,MENTAL HEALTH AND LEARNING DISABILITY,22371511.0,153760.0,mental_health,eric_trust_type,False,False,True,False,False,True,,0.03499469777306474,,0.0,145.4962994276795,,3,False,full_provider_sensitivity,,,-1.7446445486786408,12.056737588652481,,,-2.851222586880805,1.3333333333333335,-0.7731927761471985,15.121951219512194,,,3,,,,
RW5,LANCASHIRE & SOUTH CUMBRIA NHS FOUNDATION TRUST,0.0,0.0,,,,8066.0,466.0,MENTAL HEALTH AND LEARNING DISABILITY,22924672.0,115866.0,mental_health,eric_trust_type,False,False,True,False,False,True,,,,0.05777336969997521,197.85503944211416,,2,False,full_provider_sensitivity,,,,,,,-2.3279692648894708,7.333333333333333,-0.6815851417756937,20.48780487804878,,,2,,,,
RWA,HULL UNIVERSITY TEACHING HOSPITALS NHS TRUST,1123.8444444444444,1043.2444444444443,14511.0,9290.0,6157.0,161998.0,70776.0,ACUTE - TEACHING,92577458.0,187183.0,acute_general,eric_trust_type,True,False,False,False,False,False,0.9282818895458049,0.3597960168148301,5.478516204298736,0.43689428264546476,494.5826170111602,12.911929290332786,6,True,full_provider_sensitivity,0.2608270541133713,51.006711409395976,1.2781561152718584,92.90780141843972,-0.012329944455810513,54.61538461538461,1.1057282702432287,95.33333333333334,-0.16242613553540589,58.048780487804876,-0.2605035072133996,9.230769230769232,6,0.3682419754039737,79.23076923076923,28,1
RWD,UNITED LINCOLNSHIRE TEACHING HOSPITALS NHS TRUST,990.0,793.4,23535.0,17550.0,6152.0,135506.0,53082.0,ACUTE - LARGE,126055888.0,163927.0,acute_general,eric_trust_type,True,False,False,False,False,False,0.8014141414141414,0.254302103250478,6.214141414141414,0.39173173143624634,768.9757514015384,23.772727272727273,6,True,full_provider_sensitivity,-0.7947704038233367,12.751677852348994,0.2963649301071969,62.4113475177305,0.2330504708558041,71.53846153846153,0.6966911122490075,86.0,0.3176561949858236,75.60975609756098,-0.06193043020612417,63.07692307692307,6,0.11451031236139518,47.69230769230769,69,1
RWE,UNIVERSITY HOSPITALS OF LEICESTER NHS TRUST,1777.2333333333331,1714.3,25557.0,16975.0,11166.0,227946.0,93252.0,ACUTE - TEACHING,135858269.0,315205.0,acute_general,eric_trust_type,True,False,False,False,False,False,0.9645891554288502,0.3357984113941386,6.282799107226589,0.40909689136900845,431.01558985422184,14.380216441285146,6,True,full_provider_sensitivity,0.5629200457143577,79.19463087248322,1.0548196528064437,87.2340425531915,0.2559524228527736,72.3076923076923,0.8539673394954943,91.33333333333333,-0.27364395667225777,50.24390243902439,-0.23365812274280337,10.76923076923077,6,0.37005956357566805,80.0,27,1
RWF,MAIDSTONE AND TUNBRIDGE WELLS NHS TRUST,693.7777777777778,614.1555555555556,23091.0,18533.0,3109.0,92362.0,22112.0,ACUTE - LARGE,46592463.0,133097.0,acute_general,eric_trust_type,True,False,False,False,False,False,0.8852338244714926,0.1973929236499069,4.4812620115310695,0.239405816244776,350.0639608706432,33.282991672005124,6,True,full_provider_sensitivity,-0.09735245747044681,25.503355704697988,-0.23326686569029553,29.078014184397162,-0.344981197727721,31.538461538461537,-0.6829244712495155,18.0,-0.4152781370910559,40.97560975609756,0.11195020618713244,89.23076923076924,6,-0.2769754871736504,13.846153846153847,113,1
RWG,WEST HERTFORDSHIRE TEACHING HOSPITALS NHS TRUST,663.0,516.0444444444445,17531.0,15841.0,5632.0,90788.0,29054.0,ACUTE - TEACHING,161985894.0,148668.0,acute_general,eric_trust_type,True,False,False,False,False,False,0.7783475783475784,0.09640066168501515,8.4947209653092,0.3200202669956382,1089.5814432157558,26.441930618401205,6,True,full_provider_sensitivity,-0.9866947163060583,8.724832214765101,-1.1731629148257439,16.312056737588655,0.9937769249375042,90.0,0.04720048727291581,37.333333333333336,0.8785927069233386,85.85365853658537,-0.013128130193935708,73.07692307692307,6,-0.042235940365329856,26.153846153846157,97,1
RWH,EAST AND NORTH HERTFORDSHIRE NHS TRUST,0.0,0.0,18276.0,13657.0,2681.0,108664.0,33538.0,ACUTE - LARGE,56013813.0,120647.0,acute_general,eric_trust_type,True,False,False,False,False,False,,0.25273582840884223,,0.30863947581535744,464.27853987252064,,3,False,full_provider_sensitivity,,,0.2817882139620981,61.702127659574465,,,-0.0558753212336137,30.666666666666664,-0.21544660198889654,53.65853658536586,,,3,,,,
RWJ,STOCKPORT NHS FOUNDATION TRUST,622.7888888888889,578.1555555555556,10912.0,7654.0,3663.0,67992.0,25738.0,ACUTE - MEDIUM,67864565.0,104265.0,acute_general,eric_trust_type,True,False,False,False,False,False,0.9283331251895596,0.29857038123167157,5.881607821448323,0.3785445346511354,650.8853881935453,17.521186062692905,6,True,full_provider_sensitivity,0.26125335800935456,51.67785234899329,0.7083527276576448,76.59574468085107,0.12212818327196175,65.38461538461539,0.5772546909116918,74.0,0.11104352988781599,71.21951219512195,-0.17623029805438156,24.615384615384617,6,0.26730036528068124,70.76923076923077,39,1
RWK,EAST LONDON NHS FOUNDATION TRUST,39.0,34.08888888888889,,,,,,MENTAL HEALTH AND LEARNING DISABILITY,34523660.0,101469.0,mental_health,eric_trust_type,False,False,True,False,False,True,0.8740740740740741,,,,340.23849648661167,,2,False,full_provider_sensitivity,-0.19020666450261997,20.13422818791946,,,,,,,-0.43246891648289115,38.53658536585366,,,2,,,,
RWP,WORCESTERSHIRE ACUTE HOSPITALS NHS TRUST,880.9333333333333,824.6444444444444,20497.0,14645.0,4148.0,111204.0,41588.0,ACUTE - LARGE,71853140.0,131145.0,acute_general,eric_trust_type,True,False,False,False,False,False,0.9361031229504061,0.28550519588232426,4.708642349023763,0.37397935326067405,547.8908078844028,23.26736794309066,6,True,full_provider_sensitivity,0.325903278933398,57.71812080536913,0.5867600842990597,72.3404255319149,-0.2691345833089675,36.92307692307693,0.5359078499630505,70.66666666666667,-0.06915732774560636,63.90243902439025,-0.07117015248462949,60.0,6,0.1731848582760508,60.0,53,1
RWR,HERTFORDSHIRE PARTNERSHIP UNIVERSITY NHS FOUNDATION TRUST,0.0,0.0,,,,,,MENTAL HEALTH AND LEARNING DISABILITY,23660683.0,53328.0,mental_health,eric_trust_type,False,False,True,False,False,True,,,,,443.68217446744677,,1,False,full_provider_sensitivity,,,,,,,,,-0.2514823108483869,51.707317073170735,,,1,,,,
RWV,DEVON PARTNERSHIP NHS TRUST,0.0,0.0,,,,,,MENTAL HEALTH AND LEARNING DISABILITY,22955206.0,54419.0,mental_health,eric_trust_type,False,False,True,False,False,True,,,,,421.8233705139749,,1,False,full_provider_sensitivity,,,,,,,,,-0.28972680106751764,48.292682926829265,,,1,,,,
RWW,WARRINGTON AND HALTON TEACHING HOSPITALS NHS FOUNDATION TRUST,600.9222222222222,564.3,10384.0,6849.0,1970.0,66264.0,23012.0,ACUTE - TEACHING,44665099.0,94226.0,acute_general,eric_trust_type,True,False,False,False,False,False,0.9390566351718654,0.34042758089368264,3.278294473309543,0.3472775564409031,474.0209602445185,17.280106502967662,6,True,full_provider_sensitivity,0.35047784606232585,63.08724832214765,1.097901548773011,88.65248226950354,-0.7462516683228185,16.153846153846153,0.29406971655244535,50.66666666666667,-0.1984011176421488,55.1219512195122,-0.18063806901704949,23.846153846153847,6,0.10285970940096094,46.15384615384615,71,1
RWX,BERKSHIRE HEALTHCARE NHS FOUNDATION TRUST,38.58888888888889,34.266666666666666,1461.0,1447.0,31.0,200.0,0.0,MENTAL HEALTH AND LEARNING DISABILITY,3040338.0,61334.0,mental_health,eric_trust_type,False,False,True,False,False,True,0.8879930895479412,0.009582477754962349,0.8033400518283904,0.0,49.57018945446245,37.860639216815436,6,False,full_provider_sensitivity,-0.07439411507557794,27.516778523489933,-1.9811462838618608,3.546099290780142,-1.5718151967264213,5.384615384615385,-2.851222586880805,1.3333333333333335,-0.9410265323965774,5.853658536585367,0.19564548897402173,93.07692307692308,6,-1.20399320432787,1.5384615384615385,129,1
RWY,CALDERDALE AND HUDDERSFIELD NHS FOUNDATION TRUST,761.4888888888889,671.8555555555556,16023.0,14066.0,3231.0,72614.0,17446.0,ACUTE - LARGE,43739710.0,126420.0,acute_general,eric_trust_type,True,False,False,False,False,False,0.8822920010505735,0.12213692816576172,4.243003472728864,0.240256699809954,345.9872646733112,21.04167274637406,6,True,full_provider_sensitivity,-0.12182976845415,23.48993288590604,-0.9336454041360656,17.02127659574468,-0.4244564229111087,24.615384615384617,-0.6752180200866467,18.666666666666668,-0.42241078571067386,40.0,-0.11186358444135654,47.69230769230769,6,-0.44823733095666696,8.461538461538462,120,1
RX1,NOTTINGHAM UNIVERSITY HOSPITALS NHS TRUST,1674.4444444444443,1503.0444444444445,25406.0,16714.0,9139.0,166374.0,60754.0,ACUTE - TEACHING,443223670.0,338744.0,acute_general,eric_trust_type,True,False,False,False,False,False,0.897637690776377,0.34212390773832957,5.457929661579297,0.3651652301441331,1308.4325331223579,15.172793629727938,6,True,full_provider_sensitivity,0.005853360657848119,32.21476510067114,1.1136886087745022,89.36170212765957,-0.019196939135623828,53.84615384615385,0.45607835022776594,64.0,1.2614978459782933,91.21951219512195,-0.21916706128212773,13.846153846153847,6,0.43312569420344293,85.38461538461539,20,1
RX2,SUSSEX PARTNERSHIP NHS FOUNDATION TRUST,0.0,0.0,,,,,,MENTAL HEALTH AND LEARNING DISABILITY,30560354.0,75914.0,mental_health,eric_trust_type,False,False,True,False,False,True,,,,,402.5654556471797,,1,False,full_provider_sensitivity,,,,,,,,,-0.3234207368533784,46.82926829268293,,,1,,,,
RX3,"TEES, ESK AND WEAR VALLEYS NHS FOUNDATION TRUST",0.0,0.0,,,,,,MENTAL HEALTH AND LEARNING DISABILITY,17852107.0,132429.0,mental_health,eric_trust_type,False,False,True,False,False,True,,,,,134.8051182142884,,1,False,full_provider_sensitivity,,,,,,,,,-0.7918982266474555,13.658536585365855,,,1,,,,
RX4,"CUMBRIA, NORTHUMBERLAND, TYNE AND WEAR NHS FOUNDATION TRUST",49.0,42.77777777777778,,,,306.0,4.0,MENTAL HEALTH AND LEARNING DISABILITY,8943665.0,170829.0,mental_health,eric_trust_type,False,False,True,False,False,True,0.873015873015873,,,0.013071895424836602,52.35448899191589,,3,False,full_provider_sensitivity,-0.19901137936099159,19.463087248322147,,,,,-2.7328304497891027,3.3333333333333335,-0.9361550802963652,6.829268292682928,,,3,,,,
RX6,NORTH EAST AMBULANCE SERVICE NHS FOUNDATION TRUST,,,,,,,,AMBULANCE,1802000.0,33474.0,ambulance,eric_trust_type,False,False,False,False,True,True,,,,,53.83282547648921,,1,False,full_provider_sensitivity,,,,,,,,,-0.9335685606795922,7.317073170731707,,,1,,,,
RX7,NORTH WEST AMBULANCE SERVICE NHS TRUST,,,,,,,,AMBULANCE,35646817.0,62069.0,ambulance,eric_trust_type,False,False,False,False,True,True,,,,,574.3095103836054,,1,False,full_provider_sensitivity,,,,,,,,,-0.022934770853494282,66.34146341463415,,,1,,,,
RX8,YORKSHIRE AMBULANCE SERVICE NHS TRUST,,,,,,,,AMBULANCE,13653618.0,59550.0,ambulance,eric_trust_type,False,False,False,False,True,True,,,,,229.27989924433248,,1,False,full_provider_sensitivity,,,,,,,,,-0.6266037372166121,25.853658536585368,,,1,,,,
RX9,EAST MIDLANDS AMBULANCE SERVICE NHS TRUST,,,,,,,,AMBULANCE,16794288.0,39715.0,ambulance,eric_trust_type,False,False,False,False,True,True,,,,,422.8701498174493,,1,False,full_provider_sensitivity,,,,,,,,,-0.2878953403472271,48.78048780487805,,,1,,,,
RXA,CHESHIRE AND WIRRAL PARTNERSHIP NHS FOUNDATION TRUST,0.0,0.0,,,,,,MENTAL HEALTH AND LEARNING DISABILITY,6103500.0,57748.0,mental_health,eric_trust_type,False,False,True,False,False,True,,,,,105.69197201634688,,1,False,full_provider_sensitivity,,,,,,,,,-0.8428350225208844,9.75609756097561,,,1,,,,
RXC,EAST SUSSEX HEALTHCARE NHS TRUST,702.7222222222222,639.8111111111111,15528.0,11987.0,3475.0,114934.0,38702.0,ACUTE - LARGE,170737063.0,145153.0,acute_general,eric_trust_type,True,False,False,False,False,False,0.910475136374417,0.22803967027305516,4.945054945054945,0.3367323855430073,1176.2558334998243,22.09692465807574,6,True,full_provider_sensitivity,0.11266675601841197,40.26845637583892,0.05195059067250659,48.93617021276596,-0.19027510402136288,43.07692307692308,0.1985621196796132,44.0,1.0302395160773992,88.29268292682927,-0.09256991748759433,53.84615384615385,6,0.18509566015649562,60.76923076923077,52,1
RXE,ROTHERHAM DONCASTER AND SOUTH HUMBER NHS FOUNDATION TRUST,56.0,51.6,,,,,,MENTAL HEALTH AND LEARNING DISABILITY,18785684.0,50043.0,mental_health,eric_trust_type,False,False,True,False,False,True,0.9214285714285715,,,,375.3908438742681,,2,False,full_provider_sensitivity,0.20380432540949778,46.308724832214764,,,,,,,-0.37096584391275716,43.90243902439025,,,2,,,,
RXF,MID YORKSHIRE TEACHING NHS TRUST,1092.2222222222222,990.0111111111112,23830.0,17711.0,4526.0,107816.0,35718.0,ACUTE - TEACHING,70345000.0,217702.0,acute_general,eric_trust_type,True,False,False,False,False,False,0.9064191251271618,0.2567771716323961,4.14384537131231,0.33128663649180085,323.1251894791963,21.817904374364193,6,True,full_provider_sensitivity,0.07891889476117654,36.241610738255034,0.3193994373877014,65.24822695035462,-0.45753230962835273,20.76923076923077,0.149239978759449,40.0,-0.46241061429285407,37.5609756097561,-0.09767137654924508,52.307692307692314,6,-0.07834266492702083,22.30769230769231,102,1
RXG,SOUTH WEST YORKSHIRE PARTNERSHIP NHS FOUNDATION TRUST,24.0,22.45555555555556,0.0,0.0,138.0,8632.0,308.0,MENTAL HEALTH AND LEARNING DISABILITY,8850660.0,71880.0,mental_health,eric_trust_type,False,False,True,False,False,True,0.9356481481481483,,5.75,0.03568118628359592,123.13105175292154,0.0,5,False,full_provider_sensitivity,0.3221176813188638,57.04697986577181,,,0.0782281354580038,62.30769230769231,-2.528058136677527,5.333333333333334,-0.81232334787319,12.682926829268293,-0.4965783825069063,3.076923076923077,5,-0.6873228100561511,6.923076923076923,122,
RXK,SANDWELL AND WEST BIRMINGHAM HOSPITALS NHS TRUST,563.2555555555556,518.0666666666667,21517.0,16194.0,2688.0,131514.0,48656.0,ACUTE - LARGE,187290044.0,204801.0,acute_general,eric_trust_type,True,False,False,False,False,False,0.9197719606257274,0.24738578798159594,4.772256524569467,0.3699682163115714,914.4977026479363,38.20113230623557,6,True,full_provider_sensitivity,0.1900205688754268,44.29530201342282,0.23199745017039508,57.446808510638306,-0.24791498315626337,40.0,0.4995789886818113,67.33333333333333,0.5722635766595,81.46341463414633,0.2018708842511893,93.84615384615384,6,0.2413027475803432,65.38461538461539,46,1
RXL,BLACKPOOL TEACHING HOSPITALS NHS FOUNDATION TRUST,738.0,722.7111111111111,19383.0,16037.0,4229.0,80568.0,30982.0,ACUTE - TEACHING,32065206.0,141380.0,acute_general,eric_trust_type,True,False,False,False,False,False,0.9792833483890394,0.1726254965691585,5.730352303523035,0.3845447323999603,226.80157023624275,26.264227642276424,6,True,full_provider_sensitivity,0.6851824249528522,88.59060402684564,-0.463767761576143,24.113475177304963,0.07167430905710427,60.76923076923077,0.6315984728475912,81.33333333333333,-0.6309398587039279,24.878048780487806,-0.016377157274602244,71.53846153846153,6,0.04622840488381242,36.92307692307693,83,1
RXM,DERBYSHIRE HEALTHCARE NHS FOUNDATION TRUST,0.0,0.0,,,,,,MENTAL HEALTH AND LEARNING DISABILITY,10171268.0,44743.0,mental_health,eric_trust_type,False,False,True,False,False,True,,,,,227.32646447488992,,1,False,full_provider_sensitivity,,,,,,,,,-0.6300214958960292,25.365853658536587,,,1,,,,
RXN,LANCASHIRE TEACHING HOSPITALS NHS FOUNDATION TRUST,818.6777777777778,814.5333333333333,15630.0,11282.0,4383.0,130334.0,52884.0,ACUTE - TEACHING,66202910.0,187123.0,acute_general,eric_trust_type,True,False,False,False,False,False,0.9949376365684504,0.27818298144593734,5.3537546993118985,0.4057575153068271,353.7935475596266,19.091760426704305,6,True,full_provider_sensitivity,0.8154332337781619,96.64429530201343,0.5186150572862469,69.50354609929079,-0.053946285901095466,50.76923076923077,0.823722615551073,90.0,-0.40875279645705614,41.46341463414634,-0.14751474836493514,36.92307692307693,6,0.25792617931539913,68.46153846153847,42,1
RXP,COUNTY DURHAM AND DARLINGTON NHS FOUNDATION TRUST,940.1222222222224,917.5555555555557,24568.0,19438.0,5381.0,86054.0,28592.0,ACUTE - MULTI-SERVICE,43987084.0,158141.0,acute_general,eric_trust_type,True,False,False,False,False,False,0.975996028885133,0.20880820579615755,5.7237238656912215,0.3322564901108606,278.1510424241658,26.132772334566422,6,True,full_provider_sensitivity,0.6578304291710081,87.91946308724832,-0.12702923539781605,38.297872340425535,0.06946327984511537,60.0,0.15802394152038451,41.333333333333336,-0.5410980544117664,32.6829268292683,-0.018780616484802774,70.0,6,0.03306829070702046,35.38461538461539,85,1
RXQ,BUCKINGHAMSHIRE HEALTHCARE NHS TRUST,475.0,474.22222222222223,13894.0,10874.0,5645.0,91792.0,31596.0,ACUTE - MULTI-SERVICE,259418542.0,178472.0,acute_general,eric_trust_type,True,False,False,False,False,False,0.9983625730994152,0.21736001151576223,11.884210526315789,0.34421300331183546,1453.5531736070643,29.250526315789475,6,True,full_provider_sensitivity,0.843930265915353,99.32885906040269,-0.047440876325072684,43.97163120567376,2.1243993465807898,99.23076923076923,0.26631406349756986,48.66666666666667,1.5154030883431122,93.65853658536587,0.03822274573652925,80.76923076923077,6,0.7901381056247136,98.46153846153847,3,1
RXR,EAST LANCASHIRE HOSPITALS NHS TRUST,895.2333333333333,871.6888888888889,25345.0,20613.0,6109.0,95446.0,28644.0,ACUTE - LARGE,44552456.0,202551.0,acute_general,eric_trust_type,True,False,False,False,False,False,0.9737002147174542,0.18670349181298085,6.823919276166363,0.3001068667099721,219.95673188480924,28.311054846036413,6,True,full_provider_sensitivity,0.6387282094580686,85.90604026845638,-0.3327492869724541,25.53191489361702,0.43645234320804427,78.46153846153847,-0.13315514899564754,29.333333333333332,-0.6429156902242683,22.926829268292686,0.02104594705085077,77.6923076923077,6,-0.002098937745901041,32.30769230769231,89,1
RXT,BIRMINGHAM AND SOLIHULL MENTAL HEALTH NHS FOUNDATION TRUST,0.0,0.0,,,,,,MENTAL HEALTH AND LEARNING DISABILITY,21366425.0,86274.0,mental_health,eric_trust_type,False,False,True,False,False,True,,,,,247.6577532049053,,1,False,full_provider_sensitivity,,,,,,,,,-0.5944495691505177,28.292682926829265,,,1,,,,
RXV,GREATER MANCHESTER MENTAL HEALTH NHS FOUNDATION TRUST,0.0,0.0,,,,,,MENTAL HEALTH AND LEARNING DISABILITY,29860814.0,117966.0,mental_health,eric_trust_type,False,False,True,False,False,True,,,,,253.13068172185206,,1,False,full_provider_sensitivity,,,,,,,,,-0.5848740515887196,29.268292682926827,,,1,,,,
RXW,SHREWSBURY AND TELFORD HOSPITAL NHS TRUST,842.2,790.4555555555555,14083.0,7432.0,6096.0,68550.0,21318.0,ACUTE - MEDIUM,55476305.0,123212.0,acute_general,eric_trust_type,True,False,False,False,False,False,0.938560384179002,0.4722715330540368,7.238185704108288,0.31098468271334795,450.250827841444,16.721681310852528,6,True,full_provider_sensitivity,0.3463488117389487,62.41610738255034,2.3249223850921195,99.29078014184397,0.5746380208845724,82.3076923076923,-0.03463478590560338,32.666666666666664,-0.23998969669395162,52.6829268292683,-0.19084801941447263,19.230769230769234,6,0.46340611928360226,87.6923076923077,17,1
RXX,SURREY AND BORDERS PARTNERSHIP NHS FOUNDATION TRUST,0.0,0.0,,,,,,MENTAL HEALTH AND LEARNING DISABILITY,26334430.0,52763.0,mental_health,eric_trust_type,False,False,True,False,False,True,,,,,499.1078975797434,,1,False,full_provider_sensitivity,,,,,,,,,-0.1545086369928329,59.512195121951216,,,1,,,,
RXY,KENT AND MEDWAY NHS AND SOCIAL CARE PARTNERSHIP TRUST,0.0,0.0,,,,,,MENTAL HEALTH AND LEARNING DISABILITY,16951819.0,63415.0,mental_health,eric_trust_type,False,False,True,False,False,True,,,,,267.3156035638256,,1,False,full_provider_sensitivity,,,,,,,,,-0.5600559002479952,30.73170731707317,,,1,,,,
RY2,BRIDGEWATER COMMUNITY HEALTHCARE NHS FOUNDATION TRUST,,,3487.0,3422.0,0.0,,,COMMUNITY,350000.0,22182.0,community,eric_trust_type,False,False,False,True,False,True,,0.018640665328362505,,,15.77855919213777,,2,False,full_provider_sensitivity,,,-1.896845224088328,7.092198581560284,,,,,-1.0001488739394546,1.951219512195122,,,2,,,,
RY3,NORFOLK COMMUNITY HEALTH AND CARE NHS TRUST,76.13333333333334,71.17777777777778,,,,,,COMMUNITY,30112681.0,43576.0,community,eric_trust_type,False,False,False,True,False,True,0.9349095154699357,,,,691.0382091059299,,2,False,full_provider_sensitivity,0.31597192095854715,55.70469798657718,,,,,,,0.18129550570144673,73.17073170731707,,,2,,,,
RY4,HERTFORDSHIRE COMMUNITY NHS TRUST,,,1223.0,1185.0,0.0,,,COMMUNITY,10685404.0,21485.0,community,eric_trust_type,False,False,False,True,False,True,,0.03107113654946847,,,497.34251803583896,,2,False,full_provider_sensitivity,,,-1.7811596204361302,11.347517730496454,,,,,-0.15759737143793887,59.02439024390244,,,2,,,,
RY5,LINCOLNSHIRE COMMUNITY HEALTH SERVICES NHS TRUST,,,8730.0,8574.0,0.0,,,COMMUNITY,548223.0,19866.0,community,eric_trust_type,False,False,False,True,False,True,,0.017869415807560185,,,27.59604349139233,,2,False,full_provider_sensitivity,,,-1.9040229460582716,6.382978723404255,,,,,-0.9794728267202384,2.4390243902439024,,,2,,,,
RY6,LEEDS COMMUNITY HEALTHCARE NHS TRUST,79.83333333333333,41.888888888888886,,,,,,COMMUNITY,5375650.0,27660.0,community,eric_trust_type,False,False,False,True,False,True,0.5247042449547669,,,,194.34743311641358,,2,False,full_provider_sensitivity,-3.0971227951128038,2.013422818791946,,,,,,,-0.6877221022471522,19.51219512195122,,,2,,,,
RY7,WIRRAL COMMUNITY HEALTH AND CARE NHS FOUNDATION TRUST,,,3798.0,3644.0,0.0,,,COMMUNITY,395542.0,13447.0,community,eric_trust_type,False,False,False,True,False,True,,0.0405476566614007,,,29.414888079125454,,2,False,full_provider_sensitivity,,,-1.692965300995557,12.76595744680851,,,,,-0.9762905490350666,3.414634146341464,,,2,,,,
RY8,DERBYSHIRE COMMUNITY HEALTH SERVICES NHS FOUNDATION TRUST,0.0,0.0,9044.0,8524.0,0.0,,,COMMUNITY,22534386.0,59851.0,community,eric_trust_type,False,False,False,True,False,True,,0.05749668288367982,,,376.5080951028387,,2,False,full_provider_sensitivity,,,-1.5352272478707427,14.184397163120568,,,,,-0.3690110844586566,44.390243902439025,,,2,,,,
RY9,HOUNSLOW AND RICHMOND COMMUNITY HEALTHCARE NHS TRUST,,,,,,,,COMMUNITY,5113882.0,9430.0,community,eric_trust_type,False,False,False,True,False,True,,,,,542.2992576882291,,1,False,full_provider_sensitivity,,,,,,,,,-0.07894038757095315,62.926829268292686,,,1,,,,
RYA,WEST MIDLANDS AMBULANCE SERVICE UNIVERSITY NHS FOUNDATION TRUST,,,,,,,,AMBULANCE,413600.0,61634.0,ambulance,eric_trust_type,False,False,False,False,True,True,,,,,6.710581821721777,,1,False,full_provider_sensitivity,,,,,,,,,-1.016014342726693,1.4634146341463417,,,1,,,,
RYC,EAST OF ENGLAND AMBULANCE SERVICE NHS TRUST,,,,,,,,AMBULANCE,15294823.0,68618.0,ambulance,eric_trust_type,False,False,False,False,True,True,,,,,222.898117112128,,1,False,full_provider_sensitivity,,,,,,,,,-0.6377693986523993,23.902439024390244,,,1,,,,
RYD,SOUTH EAST COAST AMBULANCE SERVICE NHS FOUNDATION TRUST,,,,,,,,AMBULANCE,7319400.0,43890.0,ambulance,eric_trust_type,False,False,False,False,True,True,,,,,166.7669172932331,,1,False,full_provider_sensitivity,,,,,,,,,-0.7359773851017601,18.048780487804876,,,1,,,,
RYE,SOUTH CENTRAL AMBULANCE SERVICE NHS FOUNDATION TRUST,,,,,,,,AMBULANCE,59130974.0,42099.0,ambulance,eric_trust_type,False,False,False,False,True,True,,,,,1404.5695622223807,,1,False,full_provider_sensitivity,,,,,,,,,1.429700629485491,93.17073170731707,,,1,,,,
RYF,SOUTH WESTERN AMBULANCE SERVICE NHS FOUNDATION TRUST,,,2191.0,2152.0,0.0,,,AMBULANCE,15686086.0,55436.0,ambulance,eric_trust_type,False,False,False,False,True,True,,0.01780009128251936,,,282.9584746374197,,2,False,full_provider_sensitivity,,,-1.9046681226879099,5.673758865248227,,,,,-0.5326868991330842,33.65853658536586,,,2,,,,
RYG,COVENTRY AND WARWICKSHIRE PARTNERSHIP NHS TRUST,0.0,0.0,0.0,0.0,44.0,,,MENTAL HEALTH AND LEARNING DISABILITY,58408361.0,64716.0,mental_health,eric_trust_type,False,False,True,False,False,True,,,,,902.5335465727177,,1,False,full_provider_sensitivity,,,,,,,,,0.5513309103080926,80.48780487804879,,,1,,,,
RYJ,IMPERIAL COLLEGE HEALTHCARE NHS TRUST,1038.7222222222222,1008.3555555555556,23795.0,19060.0,4968.0,167888.0,51866.0,ACUTE - TEACHING,901856265.0,283605.0,acute_general,eric_trust_type,True,False,False,False,False,False,0.9707653634272879,0.19899138474469424,4.782799379579612,0.3089321452396836,3179.9730787539006,22.90795314756378,6,True,full_provider_sensitivity,0.6143089097783216,83.89261744966443,-0.21839060449506034,31.20567375886525,-0.24439823290580245,40.76923076923077,-0.053224614700149775,32.0,4.535973166973317,99.51219512195122,-0.07774150221283596,58.46153846153847,6,0.7594211870729649,96.92307692307692,5,1
RYR,UNIVERSITY HOSPITALS SUSSEX NHS FOUNDATION TRUST,1828.0,1753.7444444444443,33587.0,21673.0,10761.0,225070.0,101052.0,ACUTE - TEACHING,186407223.0,359520.0,acute_general,eric_trust_type,True,False,False,False,False,False,0.9593787989302212,0.3547205764134933,5.886761487964989,0.4489803172346381,518.4891605473965,18.37363238512035,6,True,full_provider_sensitivity,0.5195675061139163,75.83892617449665,1.2309209480617487,90.78014184397163,0.12384727719821188,66.15384615384615,1.2151914672374287,98.0,-0.12059888952547068,61.46341463414634,-0.16064462106247476,30.0,6,0.4680472813372267,89.23076923076924,15,1
RYV,CAMBRIDGESHIRE COMMUNITY SERVICES NHS TRUST,,,,,,,,COMMUNITY,9678418.0,31312.0,community,eric_trust_type,False,False,False,True,False,True,,,,,309.09612927950946,,1,False,full_provider_sensitivity,,,,,,,,,-0.48695606777386674,35.609756097560975,,,1,,,,
RYW,BIRMINGHAM COMMUNITY HEALTHCARE NHS FOUNDATION TRUST,265.05555555555554,193.7888888888889,,,,29838.0,6808.0,COMMUNITY,7442674.0,71734.0,community,eric_trust_type,False,False,False,True,False,True,0.7311255501991197,,,0.22816542663717407,103.75378481612624,,3,False,full_provider_sensitivity,-1.379603502078758,5.369127516778524,,,,,-0.7847286629246483,14.666666666666666,-0.8462261038252167,9.268292682926829,,,3,,,,
RYX,CENTRAL LONDON COMMUNITY HEALTHCARE NHS TRUST,0.0,0.0,13234.0,13020.0,0.0,,,COMMUNITY,5987445.0,49651.0,community,eric_trust_type,False,False,False,True,False,True,,0.016170470001511283,,,120.59062254536666,,2,False,full_provider_sensitivity,,,-1.9198343797239095,4.964539007092199,,,,,-0.8167681207979819,12.195121951219512,,,2,,,,
RYY,KENT COMMUNITY HEALTH NHS FOUNDATION TRUST,,,7132.0,7070.0,0.0,8782.0,8.0,COMMUNITY,28743109.0,50148.0,community,eric_trust_type,False,False,False,True,False,True,,0.008693213684800916,,0.0009109542245502164,573.1656097950067,,3,False,full_provider_sensitivity,,,-1.9894223217475493,2.8368794326241136,,,-2.842972075846858,2.666666666666667,-0.024936156426348076,65.3658536585366,,,3,,,,
TAD,BRADFORD DISTRICT CARE NHS FOUNDATION TRUST,0.0,0.0,,,,1082.0,438.0,CARE TRUST,59827303.0,34378.0,care_trust_non_acute,eric_trust_type,False,False,False,False,False,True,,,,0.4048059149722736,1740.278753854209,,2,False,full_provider_sensitivity,,,,,,,0.815103972760303,89.33333333333333,2.0170624505240338,95.1219512195122,,,2,,,,
TAH,SHEFFIELD HEALTH AND SOCIAL CARE NHS FOUNDATION TRUST,0.0,0.0,,,,,,CARE TRUST,19417645.0,39939.0,care_trust_non_acute,eric_trust_type,False,False,False,False,False,True,,,,,486.18255339392573,,1,False,full_provider_sensitivity,,,,,,,,,-0.17712301243375853,56.58536585365853,,,1,,,,
TAJ,BLACK COUNTRY HEALTHCARE NHS FOUNDATION TRUST,0.0,0.0,,,,,,MENTAL HEALTH AND LEARNING DISABILITY,10720923.0,65813.0,mental_health,eric_trust_type,False,False,True,False,False,True,,,,,162.89977663987358,,1,False,full_provider_sensitivity,,,,,,,,,-0.7427433922084719,16.585365853658537,,,1,,,,
